customer_id,Recency,Frequency,Monetary,Cluster,Segment
C00001,49,4,286.63,3,New/Occasional
C00002,126,11,1245.18,1,At-Risk
C00003,0,4,195.37,3,New/Occasional
C00004,6,6,99.45,3,New/Occasional
C00005,161,36,2593.21,1,At-Risk
C00006,4,20,1639.15,3,New/Occasional
C00007,108,5,200.79,1,At-Risk
C00008,122,32,947.14,1,At-Risk
C00009,4,49,4320.4,0,Loyal Mid-Tier
C00010,82,4,111.38,3,New/Occasional
C00011,54,27,253.72,3,New/Occasional
C00012,24,7,941.66,3,New/Occasional
C00013,58,8,342.45,3,New/Occasional
C00014,9,31,3404.13,0,Loyal Mid-Tier
C00015,40,18,2901.68,3,New/Occasional
C00016,36,11,327.64,3,New/Occasional
C00017,32,11,733.7,3,New/Occasional
C00018,93,48,2040.03,0,Loyal Mid-Tier
C00019,0,2,142.28,3,New/Occasional
C00020,1,33,3655.72,0,Loyal Mid-Tier
C00021,92,8,176.93,3,New/Occasional
C00022,24,48,833.16,0,Loyal Mid-Tier
C00023,2,43,4004.31,0,Loyal Mid-Tier
C00024,45,5,954.36,3,New/Occasional
C00025,50,14,1298.41,3,New/Occasional
C00026,36,16,677.67,3,New/Occasional
C00027,2,5,417.42,3,New/Occasional
C00028,28,1,126.93,3,New/Occasional
C00029,31,13,981.01,3,New/Occasional
C00030,22,12,4801.36,3,New/Occasional
C00031,39,2,132.01,3,New/Occasional
C00032,26,11,1431.44,3,New/Occasional
C00033,141,2,170.56,1,At-Risk
C00034,21,10,428.48,3,New/Occasional
C00035,90,15,477.75,3,New/Occasional
C00036,54,5,698.38,3,New/Occasional
C00037,4,8,1005.04,3,New/Occasional
C00038,79,22,1107.07,3,New/Occasional
C00039,23,16,2269.28,3,New/Occasional
C00040,121,28,2841.93,0,Loyal Mid-Tier
C00041,105,25,1245.31,1,At-Risk
C00042,32,4,253.36,3,New/Occasional
C00043,8,2,283.73,3,New/Occasional
C00044,154,18,1184.28,1,At-Risk
C00045,24,25,4860.47,0,Loyal Mid-Tier
C00046,63,1,414.12,3,New/Occasional
C00047,85,60,3223.01,0,Loyal Mid-Tier
C00048,25,14,4159.74,3,New/Occasional
C00049,50,44,2982.35,0,Loyal Mid-Tier
C00050,56,47,1253.78,0,Loyal Mid-Tier
C00051,210,12,3850.34,1,At-Risk
C00052,4,15,1060.97,3,New/Occasional
C00053,73,21,5401.99,0,Loyal Mid-Tier
C00054,409,14,3678.83,1,At-Risk
C00055,46,9,983.09,3,New/Occasional
C00056,40,22,1571.63,3,New/Occasional
C00057,4,6,393.57,3,New/Occasional
C00058,18,11,1893.43,3,New/Occasional
C00059,78,58,39377.86,2,VIP
C00060,111,13,547.19,1,At-Risk
C00061,42,6,273.95,3,New/Occasional
C00062,0,3,159.85,3,New/Occasional
C00063,5,17,1260.84,3,New/Occasional
C00064,201,17,805.2,1,At-Risk
C00065,66,7,247.71,3,New/Occasional
C00066,3,2,77.86,3,New/Occasional
C00067,3,1,115.9,3,New/Occasional
C00068,143,2,130.28,1,At-Risk
C00069,106,31,1488.43,0,Loyal Mid-Tier
C00070,22,8,320.0,3,New/Occasional
C00071,22,10,457.24,3,New/Occasional
C00072,2,19,213.44,3,New/Occasional
C00073,134,51,9464.37,2,VIP
C00074,13,40,5413.15,0,Loyal Mid-Tier
C00075,40,6,240.98,3,New/Occasional
C00076,77,14,1342.04,3,New/Occasional
C00077,40,12,5661.94,0,Loyal Mid-Tier
C00078,127,66,5642.19,0,Loyal Mid-Tier
C00079,20,19,4010.12,0,Loyal Mid-Tier
C00080,46,28,2007.54,0,Loyal Mid-Tier
C00081,96,12,3227.66,3,New/Occasional
C00082,99,8,1928.78,3,New/Occasional
C00083,27,11,1318.05,3,New/Occasional
C00084,143,29,4289.42,0,Loyal Mid-Tier
C00085,16,62,4792.34,0,Loyal Mid-Tier
C00086,8,12,164.64,3,New/Occasional
C00087,45,17,4449.34,0,Loyal Mid-Tier
C00088,143,4,173.32,1,At-Risk
C00089,15,31,1453.35,0,Loyal Mid-Tier
C00090,83,15,2869.73,3,New/Occasional
C00091,39,35,3731.26,0,Loyal Mid-Tier
C00092,12,15,696.36,3,New/Occasional
C00093,31,2,82.39,3,New/Occasional
C00094,45,39,2717.38,0,Loyal Mid-Tier
C00095,17,42,1637.41,0,Loyal Mid-Tier
C00096,15,7,1676.89,3,New/Occasional
C00097,13,2,460.3,3,New/Occasional
C00098,44,36,1705.52,0,Loyal Mid-Tier
C00099,38,13,1370.45,3,New/Occasional
C00100,19,8,1012.16,3,New/Occasional
C00101,111,7,816.53,1,At-Risk
C00102,189,41,3856.68,1,At-Risk
C00103,20,1,37.52,3,New/Occasional
C00104,29,12,2786.04,3,New/Occasional
C00105,10,12,929.0,3,New/Occasional
C00106,54,14,811.73,3,New/Occasional
C00107,31,9,186.65,3,New/Occasional
C00108,76,15,373.47,3,New/Occasional
C00109,81,33,1300.52,0,Loyal Mid-Tier
C00110,18,27,1460.98,0,Loyal Mid-Tier
C00111,15,37,4169.45,0,Loyal Mid-Tier
C00112,30,16,2326.85,3,New/Occasional
C00113,15,10,577.28,3,New/Occasional
C00114,23,16,1890.39,3,New/Occasional
C00115,12,6,258.09,3,New/Occasional
C00116,39,14,2846.68,3,New/Occasional
C00117,102,42,6455.78,0,Loyal Mid-Tier
C00118,13,17,2601.22,3,New/Occasional
C00119,25,11,869.11,3,New/Occasional
C00120,40,50,2032.31,0,Loyal Mid-Tier
C00121,29,10,382.25,3,New/Occasional
C00122,2,15,1875.16,3,New/Occasional
C00123,51,8,721.89,3,New/Occasional
C00124,35,30,3159.53,0,Loyal Mid-Tier
C00125,29,43,5669.89,0,Loyal Mid-Tier
C00126,63,76,8822.63,2,VIP
C00127,8,4,520.09,3,New/Occasional
C00128,5,11,483.87,3,New/Occasional
C00129,41,39,694.63,0,Loyal Mid-Tier
C00130,28,10,678.54,3,New/Occasional
C00131,63,12,1427.33,3,New/Occasional
C00132,15,2,38.33,3,New/Occasional
C00133,34,6,345.7,3,New/Occasional
C00134,62,1,54.57,3,New/Occasional
C00135,74,16,527.49,3,New/Occasional
C00136,221,21,617.56,1,At-Risk
C00137,18,18,1108.79,3,New/Occasional
C00138,16,6,930.46,3,New/Occasional
C00139,36,11,949.0,3,New/Occasional
C00140,168,14,1381.13,1,At-Risk
C00141,40,37,3673.39,0,Loyal Mid-Tier
C00142,1,17,3393.8,3,New/Occasional
C00143,16,2,209.56,3,New/Occasional
C00144,71,5,644.63,3,New/Occasional
C00145,19,10,150.86,3,New/Occasional
C00146,1,10,1210.93,3,New/Occasional
C00147,86,35,13804.4,2,VIP
C00148,27,7,802.58,3,New/Occasional
C00149,153,13,404.06,1,At-Risk
C00150,10,4,230.79,3,New/Occasional
C00151,17,15,2047.93,3,New/Occasional
C00152,41,9,433.21,3,New/Occasional
C00153,148,28,3688.72,1,At-Risk
C00154,23,24,1943.13,0,Loyal Mid-Tier
C00155,44,5,489.49,3,New/Occasional
C00156,39,1,100.16,3,New/Occasional
C00157,53,34,5805.03,0,Loyal Mid-Tier
C00158,14,21,844.0,3,New/Occasional
C00159,213,9,390.17,1,At-Risk
C00160,41,10,478.08,3,New/Occasional
C00161,57,11,275.08,3,New/Occasional
C00162,4,2,255.61,3,New/Occasional
C00163,246,10,738.93,1,At-Risk
C00164,26,1,100.78,3,New/Occasional
C00165,29,43,5624.95,0,Loyal Mid-Tier
C00166,38,8,1094.93,3,New/Occasional
C00167,37,7,270.65,3,New/Occasional
C00168,26,46,6452.08,0,Loyal Mid-Tier
C00169,47,7,220.7,3,New/Occasional
C00170,120,19,1523.22,1,At-Risk
C00171,105,8,553.75,1,At-Risk
C00172,100,5,265.62,3,New/Occasional
C00173,30,64,14180.27,2,VIP
C00174,21,34,2196.64,0,Loyal Mid-Tier
C00175,52,10,2638.55,3,New/Occasional
C00176,94,1,29.63,3,New/Occasional
C00177,90,17,1671.8,3,New/Occasional
C00178,27,25,2617.39,0,Loyal Mid-Tier
C00179,79,2,152.47,3,New/Occasional
C00180,9,38,3138.46,0,Loyal Mid-Tier
C00181,60,3,277.53,3,New/Occasional
C00182,7,25,3509.04,0,Loyal Mid-Tier
C00183,97,35,1060.74,0,Loyal Mid-Tier
C00184,25,7,271.61,3,New/Occasional
C00185,16,11,5311.5,0,Loyal Mid-Tier
C00186,5,10,579.12,3,New/Occasional
C00187,1,3,71.59,3,New/Occasional
C00188,158,3,809.76,1,At-Risk
C00189,41,39,7181.8,0,Loyal Mid-Tier
C00190,27,12,664.36,3,New/Occasional
C00191,43,2,90.42,3,New/Occasional
C00192,119,9,1199.02,1,At-Risk
C00193,10,41,1195.85,0,Loyal Mid-Tier
C00194,1,10,583.65,3,New/Occasional
C00195,78,10,1851.84,3,New/Occasional
C00196,2,36,1555.99,0,Loyal Mid-Tier
C00197,173,16,1250.27,1,At-Risk
C00198,71,18,821.87,3,New/Occasional
C00199,8,6,482.86,3,New/Occasional
C00200,17,6,472.98,3,New/Occasional
C00201,13,2,340.2,3,New/Occasional
C00202,18,6,132.21,3,New/Occasional
C00203,44,42,1790.06,0,Loyal Mid-Tier
C00204,56,5,876.47,3,New/Occasional
C00205,48,14,1595.82,3,New/Occasional
C00206,53,1,131.82,3,New/Occasional
C00207,18,1,120.91,3,New/Occasional
C00208,1,28,1602.94,0,Loyal Mid-Tier
C00209,22,16,838.18,3,New/Occasional
C00210,2,20,3006.0,0,Loyal Mid-Tier
C00211,5,11,839.31,3,New/Occasional
C00212,37,44,3038.01,0,Loyal Mid-Tier
C00213,8,36,4167.29,0,Loyal Mid-Tier
C00214,32,12,72.39,3,New/Occasional
C00215,70,22,3447.09,0,Loyal Mid-Tier
C00216,208,7,214.64,1,At-Risk
C00217,128,4,103.63,1,At-Risk
C00218,86,11,533.99,3,New/Occasional
C00219,79,13,915.77,3,New/Occasional
C00220,39,2,150.69,3,New/Occasional
C00221,184,2,485.8,1,At-Risk
C00222,28,7,208.68,3,New/Occasional
C00223,74,7,1703.28,3,New/Occasional
C00224,79,8,577.78,3,New/Occasional
C00225,42,3,496.93,3,New/Occasional
C00226,16,1,99.91,3,New/Occasional
C00227,13,24,1227.45,3,New/Occasional
C00228,10,11,765.96,3,New/Occasional
C00229,26,27,2403.08,0,Loyal Mid-Tier
C00230,94,4,26.53,3,New/Occasional
C00231,18,3,198.45,3,New/Occasional
C00232,5,10,873.47,3,New/Occasional
C00233,81,45,6187.73,0,Loyal Mid-Tier
C00234,88,24,1978.44,0,Loyal Mid-Tier
C00235,27,6,148.34,3,New/Occasional
C00236,21,7,329.53,3,New/Occasional
C00237,22,12,580.45,3,New/Occasional
C00238,20,9,529.66,3,New/Occasional
C00239,25,14,1421.61,3,New/Occasional
C00240,94,18,1619.2,3,New/Occasional
C00241,56,1,98.87,3,New/Occasional
C00242,14,2,318.35,3,New/Occasional
C00243,239,13,644.41,1,At-Risk
C00244,174,14,1916.6,1,At-Risk
C00245,76,7,1261.32,3,New/Occasional
C00246,46,4,101.12,3,New/Occasional
C00247,23,5,75.0,3,New/Occasional
C00248,5,14,1130.23,3,New/Occasional
C00249,91,2,348.36,3,New/Occasional
C00250,21,17,1296.33,3,New/Occasional
C00251,124,33,1042.99,1,At-Risk
C00252,45,30,1972.94,0,Loyal Mid-Tier
C00253,29,2,257.05,3,New/Occasional
C00254,3,11,533.29,3,New/Occasional
C00255,51,30,3624.58,0,Loyal Mid-Tier
C00256,5,5,203.25,3,New/Occasional
C00257,53,11,1185.89,3,New/Occasional
C00258,42,7,355.73,3,New/Occasional
C00259,3,2,255.19,3,New/Occasional
C00260,5,20,2328.97,3,New/Occasional
C00261,33,2,161.88,3,New/Occasional
C00262,15,3,52.9,3,New/Occasional
C00263,181,71,25995.03,2,VIP
C00264,50,21,1650.96,3,New/Occasional
C00265,388,36,1882.69,1,At-Risk
C00266,24,74,16178.31,2,VIP
C00267,7,10,549.73,3,New/Occasional
C00268,246,8,393.8,1,At-Risk
C00269,36,4,689.13,3,New/Occasional
C00270,51,21,2221.82,3,New/Occasional
C00271,5,55,1486.79,0,Loyal Mid-Tier
C00272,89,14,570.98,3,New/Occasional
C00273,167,23,2060.31,1,At-Risk
C00274,30,1,44.15,3,New/Occasional
C00275,21,26,990.16,3,New/Occasional
C00276,16,37,2708.3,0,Loyal Mid-Tier
C00277,69,10,1517.08,3,New/Occasional
C00278,0,15,758.79,3,New/Occasional
C00279,44,22,2759.43,0,Loyal Mid-Tier
C00280,73,30,4717.38,0,Loyal Mid-Tier
C00281,14,14,632.08,3,New/Occasional
C00282,36,16,490.88,3,New/Occasional
C00283,45,16,1161.71,3,New/Occasional
C00284,25,31,1121.48,0,Loyal Mid-Tier
C00285,2,32,3832.38,0,Loyal Mid-Tier
C00286,111,31,3658.91,0,Loyal Mid-Tier
C00287,75,13,1102.43,3,New/Occasional
C00288,94,13,1238.32,3,New/Occasional
C00289,25,8,867.24,3,New/Occasional
C00290,6,37,7135.54,0,Loyal Mid-Tier
C00291,140,28,855.7,1,At-Risk
C00292,4,16,814.22,3,New/Occasional
C00293,137,16,989.76,1,At-Risk
C00294,29,10,398.61,3,New/Occasional
C00295,116,1,52.0,1,At-Risk
C00296,42,43,2271.69,0,Loyal Mid-Tier
C00297,69,20,1698.65,3,New/Occasional
C00298,15,7,442.45,3,New/Occasional
C00299,11,3,184.88,3,New/Occasional
C00300,53,50,4903.0,0,Loyal Mid-Tier
C00301,36,2,41.66,3,New/Occasional
C00302,76,15,1904.69,3,New/Occasional
C00303,131,26,1895.43,1,At-Risk
C00304,97,23,1115.53,1,At-Risk
C00305,44,12,275.95,3,New/Occasional
C00306,16,3,324.15,3,New/Occasional
C00307,3,12,545.62,3,New/Occasional
C00308,136,20,805.45,1,At-Risk
C00309,39,18,3659.94,0,Loyal Mid-Tier
C00310,163,3,200.05,1,At-Risk
C00311,132,9,1048.67,1,At-Risk
C00312,48,11,685.35,3,New/Occasional
C00313,211,7,333.31,1,At-Risk
C00314,15,12,2389.59,3,New/Occasional
C00315,16,21,482.2,3,New/Occasional
C00316,2,35,4135.4,0,Loyal Mid-Tier
C00317,121,6,566.14,1,At-Risk
C00318,35,10,647.72,3,New/Occasional
C00319,13,60,10480.11,2,VIP
C00320,47,21,2363.86,0,Loyal Mid-Tier
C00321,48,11,2258.41,3,New/Occasional
C00322,48,7,863.14,3,New/Occasional
C00323,76,34,5283.79,0,Loyal Mid-Tier
C00324,106,14,1175.83,1,At-Risk
C00325,17,18,715.18,3,New/Occasional
C00326,7,2,106.5,3,New/Occasional
C00327,40,1,56.01,3,New/Occasional
C00328,289,64,3910.86,1,At-Risk
C00329,152,2,190.61,1,At-Risk
C00330,90,7,520.77,3,New/Occasional
C00331,11,14,336.94,3,New/Occasional
C00332,76,11,1838.46,3,New/Occasional
C00333,47,2,315.98,3,New/Occasional
C00334,31,13,3335.8,3,New/Occasional
C00335,129,2,374.42,1,At-Risk
C00336,115,30,1209.08,1,At-Risk
C00337,94,17,1931.34,3,New/Occasional
C00338,50,11,1772.21,3,New/Occasional
C00339,46,2,475.64,3,New/Occasional
C00340,100,4,447.74,3,New/Occasional
C00341,33,44,5196.42,0,Loyal Mid-Tier
C00342,30,5,880.36,3,New/Occasional
C00343,62,37,1828.17,0,Loyal Mid-Tier
C00344,126,7,192.29,1,At-Risk
C00345,29,14,1346.34,3,New/Occasional
C00346,76,6,345.9,3,New/Occasional
C00347,19,30,1996.09,0,Loyal Mid-Tier
C00348,19,34,2524.33,0,Loyal Mid-Tier
C00349,8,14,455.84,3,New/Occasional
C00350,49,7,403.88,3,New/Occasional
C00351,122,29,1474.68,1,At-Risk
C00352,10,75,3030.96,0,Loyal Mid-Tier
C00353,7,31,968.57,0,Loyal Mid-Tier
C00354,58,19,1468.88,3,New/Occasional
C00355,55,14,1431.17,3,New/Occasional
C00356,25,9,531.76,3,New/Occasional
C00357,4,11,308.52,3,New/Occasional
C00358,59,15,64.24,3,New/Occasional
C00359,8,4,335.25,3,New/Occasional
C00360,105,2,47.2,3,New/Occasional
C00361,139,16,866.33,1,At-Risk
C00362,66,42,1854.89,0,Loyal Mid-Tier
C00363,8,19,1698.17,3,New/Occasional
C00364,4,4,140.96,3,New/Occasional
C00365,14,2,129.4,3,New/Occasional
C00366,2,18,3721.29,0,Loyal Mid-Tier
C00367,9,34,1696.33,0,Loyal Mid-Tier
C00368,8,43,5190.0,0,Loyal Mid-Tier
C00369,110,2,560.77,1,At-Risk
C00370,58,2,275.59,3,New/Occasional
C00371,20,2,275.77,3,New/Occasional
C00372,27,11,411.01,3,New/Occasional
C00373,67,3,503.57,3,New/Occasional
C00374,8,13,2847.83,3,New/Occasional
C00375,27,1,46.69,3,New/Occasional
C00376,35,16,2937.32,3,New/Occasional
C00377,105,26,1242.04,1,At-Risk
C00378,0,4,590.66,3,New/Occasional
C00379,15,4,83.43,3,New/Occasional
C00380,60,2,196.9,3,New/Occasional
C00381,12,17,1567.82,3,New/Occasional
C00382,25,7,604.4,3,New/Occasional
C00383,12,3,187.59,3,New/Occasional
C00384,67,7,624.91,3,New/Occasional
C00385,86,17,1500.41,3,New/Occasional
C00386,37,16,802.03,3,New/Occasional
C00387,42,1,54.19,3,New/Occasional
C00388,26,12,1273.88,3,New/Occasional
C00389,61,28,2345.12,0,Loyal Mid-Tier
C00390,6,5,383.08,3,New/Occasional
C00391,37,33,2101.97,0,Loyal Mid-Tier
C00392,12,9,1295.26,3,New/Occasional
C00393,244,9,413.48,1,At-Risk
C00394,7,18,662.76,3,New/Occasional
C00395,26,6,173.77,3,New/Occasional
C00396,96,39,1920.19,0,Loyal Mid-Tier
C00397,71,41,6162.5,0,Loyal Mid-Tier
C00398,25,3,342.55,3,New/Occasional
C00399,25,27,860.05,0,Loyal Mid-Tier
C00400,122,4,521.46,1,At-Risk
C00401,114,1,96.16,1,At-Risk
C00402,167,23,1423.67,1,At-Risk
C00403,60,2,43.39,3,New/Occasional
C00404,22,25,2328.84,0,Loyal Mid-Tier
C00405,23,10,2426.81,3,New/Occasional
C00406,203,2,113.66,1,At-Risk
C00407,109,18,392.03,1,At-Risk
C00408,45,2,208.37,3,New/Occasional
C00409,15,22,1165.29,3,New/Occasional
C00410,21,18,2491.81,3,New/Occasional
C00411,54,37,1528.6,0,Loyal Mid-Tier
C00412,52,11,319.59,3,New/Occasional
C00413,15,9,901.61,3,New/Occasional
C00414,64,2,68.82,3,New/Occasional
C00415,74,17,2588.02,3,New/Occasional
C00416,91,2,55.17,3,New/Occasional
C00417,144,4,265.29,1,At-Risk
C00418,21,8,1023.91,3,New/Occasional
C00419,230,48,4620.51,1,At-Risk
C00420,7,29,2361.13,0,Loyal Mid-Tier
C00421,5,10,1757.33,3,New/Occasional
C00422,43,4,71.85,3,New/Occasional
C00423,51,1,172.6,3,New/Occasional
C00424,241,27,2857.97,1,At-Risk
C00425,14,13,1245.43,3,New/Occasional
C00426,0,20,921.91,3,New/Occasional
C00427,8,29,3285.24,0,Loyal Mid-Tier
C00428,76,59,2954.14,0,Loyal Mid-Tier
C00429,426,3,150.27,1,At-Risk
C00430,61,5,414.19,3,New/Occasional
C00431,7,23,941.64,3,New/Occasional
C00432,14,5,490.81,3,New/Occasional
C00433,120,3,284.55,1,At-Risk
C00434,5,25,1188.41,3,New/Occasional
C00435,63,10,244.97,3,New/Occasional
C00436,79,7,458.55,3,New/Occasional
C00437,1,30,3266.36,0,Loyal Mid-Tier
C00438,37,11,400.32,3,New/Occasional
C00439,107,8,973.15,1,At-Risk
C00440,6,11,2337.86,3,New/Occasional
C00441,24,7,451.99,3,New/Occasional
C00442,14,8,3496.25,3,New/Occasional
C00443,12,16,586.5,3,New/Occasional
C00444,87,24,1020.26,3,New/Occasional
C00445,66,6,325.85,3,New/Occasional
C00446,147,3,256.99,1,At-Risk
C00447,166,3,823.72,1,At-Risk
C00448,11,11,922.39,3,New/Occasional
C00449,29,3,252.81,3,New/Occasional
C00450,14,18,2232.39,3,New/Occasional
C00451,6,35,468.75,0,Loyal Mid-Tier
C00452,59,4,1111.33,3,New/Occasional
C00453,55,4,691.53,3,New/Occasional
C00454,11,29,3431.04,0,Loyal Mid-Tier
C00455,21,17,404.46,3,New/Occasional
C00456,68,6,561.79,3,New/Occasional
C00457,4,7,1024.65,3,New/Occasional
C00458,1,11,172.16,3,New/Occasional
C00459,8,39,2075.78,0,Loyal Mid-Tier
C00460,21,9,248.48,3,New/Occasional
C00461,58,29,1419.65,0,Loyal Mid-Tier
C00462,2,2,64.31,3,New/Occasional
C00463,131,10,1056.48,1,At-Risk
C00464,102,11,952.82,1,At-Risk
C00465,2,2,109.59,3,New/Occasional
C00466,95,9,198.59,3,New/Occasional
C00467,16,12,649.99,3,New/Occasional
C00468,57,20,4170.42,0,Loyal Mid-Tier
C00469,382,18,906.56,1,At-Risk
C00470,162,1,85.72,1,At-Risk
C00471,21,14,1150.72,3,New/Occasional
C00472,17,15,234.36,3,New/Occasional
C00473,90,4,361.27,3,New/Occasional
C00474,38,2,84.3,3,New/Occasional
C00475,123,17,594.77,1,At-Risk
C00476,91,32,2347.38,0,Loyal Mid-Tier
C00477,20,12,531.51,3,New/Occasional
C00478,11,1,46.15,3,New/Occasional
C00479,9,1,124.35,3,New/Occasional
C00480,55,30,1832.21,0,Loyal Mid-Tier
C00481,99,39,2250.64,0,Loyal Mid-Tier
C00482,132,5,622.61,1,At-Risk
C00483,8,15,3377.46,3,New/Occasional
C00484,46,25,2108.48,0,Loyal Mid-Tier
C00485,20,16,3137.09,3,New/Occasional
C00486,25,22,1865.03,3,New/Occasional
C00487,88,4,265.92,3,New/Occasional
C00488,23,14,2762.38,3,New/Occasional
C00489,98,14,414.37,3,New/Occasional
C00490,113,15,1225.07,1,At-Risk
C00491,14,2,249.71,3,New/Occasional
C00492,121,39,3240.09,0,Loyal Mid-Tier
C00493,16,28,5307.08,0,Loyal Mid-Tier
C00494,66,32,5375.69,0,Loyal Mid-Tier
C00495,21,20,789.02,3,New/Occasional
C00496,17,13,1634.69,3,New/Occasional
C00497,20,15,1052.5,3,New/Occasional
C00498,32,6,560.77,3,New/Occasional
C00499,64,12,668.9,3,New/Occasional
C00500,248,5,113.46,1,At-Risk
C00501,29,5,1181.7,3,New/Occasional
C00502,13,10,516.84,3,New/Occasional
C00503,3,19,2628.29,3,New/Occasional
C00504,12,15,1206.9,3,New/Occasional
C00505,121,18,1787.76,1,At-Risk
C00506,47,10,359.21,3,New/Occasional
C00507,8,12,2465.06,3,New/Occasional
C00508,55,10,739.25,3,New/Occasional
C00509,4,11,2236.41,3,New/Occasional
C00510,41,3,171.23,3,New/Occasional
C00511,11,2,83.13,3,New/Occasional
C00512,95,5,412.66,3,New/Occasional
C00513,11,7,376.95,3,New/Occasional
C00514,5,5,614.72,3,New/Occasional
C00515,52,28,785.68,0,Loyal Mid-Tier
C00516,39,18,371.78,3,New/Occasional
C00517,13,17,2542.25,3,New/Occasional
C00518,46,27,1066.39,0,Loyal Mid-Tier
C00519,20,18,461.51,3,New/Occasional
C00520,0,3,84.3,3,New/Occasional
C00521,69,4,198.15,3,New/Occasional
C00522,28,7,878.39,3,New/Occasional
C00523,35,11,1246.66,3,New/Occasional
C00524,25,11,1102.2,3,New/Occasional
C00525,73,21,1260.63,3,New/Occasional
C00526,144,9,289.14,1,At-Risk
C00527,47,15,999.86,3,New/Occasional
C00528,3,13,682.5,3,New/Occasional
C00529,63,10,1801.94,3,New/Occasional
C00530,59,25,4402.0,0,Loyal Mid-Tier
C00531,59,6,810.86,3,New/Occasional
C00532,37,5,103.34,3,New/Occasional
C00533,11,7,639.63,3,New/Occasional
C00534,13,40,4898.95,0,Loyal Mid-Tier
C00535,85,10,548.05,3,New/Occasional
C00536,135,4,64.19,1,At-Risk
C00537,10,20,1066.71,3,New/Occasional
C00538,105,19,2088.86,1,At-Risk
C00539,29,9,1387.31,3,New/Occasional
C00540,22,2,68.14,3,New/Occasional
C00541,67,27,2273.69,0,Loyal Mid-Tier
C00542,96,46,1392.52,0,Loyal Mid-Tier
C00543,222,2,99.19,1,At-Risk
C00544,72,53,1035.91,0,Loyal Mid-Tier
C00545,157,13,228.77,1,At-Risk
C00546,11,8,527.22,3,New/Occasional
C00547,47,19,652.52,3,New/Occasional
C00548,40,22,456.19,3,New/Occasional
C00549,290,1,221.23,1,At-Risk
C00550,160,31,11446.58,2,VIP
C00551,60,4,198.16,3,New/Occasional
C00552,92,8,630.59,3,New/Occasional
C00553,16,24,2036.99,0,Loyal Mid-Tier
C00554,77,61,4792.5,0,Loyal Mid-Tier
C00555,10,17,808.61,3,New/Occasional
C00556,10,31,2044.47,0,Loyal Mid-Tier
C00557,146,37,624.8,1,At-Risk
C00558,12,11,1364.45,3,New/Occasional
C00559,19,21,746.62,3,New/Occasional
C00560,5,13,368.67,3,New/Occasional
C00561,80,6,516.34,3,New/Occasional
C00562,3,1,155.26,3,New/Occasional
C00563,49,21,887.68,3,New/Occasional
C00564,93,4,329.62,3,New/Occasional
C00565,67,2,59.09,3,New/Occasional
C00566,74,2,53.95,3,New/Occasional
C00567,95,27,744.13,0,Loyal Mid-Tier
C00568,34,47,2076.46,0,Loyal Mid-Tier
C00569,0,10,1001.0,3,New/Occasional
C00570,108,1,68.34,1,At-Risk
C00571,21,18,575.16,3,New/Occasional
C00572,224,9,833.49,1,At-Risk
C00573,45,28,1465.64,0,Loyal Mid-Tier
C00574,25,9,1169.49,3,New/Occasional
C00575,49,8,82.01,3,New/Occasional
C00576,190,6,642.48,1,At-Risk
C00577,3,45,5054.58,0,Loyal Mid-Tier
C00578,345,7,294.19,1,At-Risk
C00579,4,10,382.33,3,New/Occasional
C00580,30,31,914.82,0,Loyal Mid-Tier
C00581,143,3,161.75,1,At-Risk
C00582,10,33,2000.03,0,Loyal Mid-Tier
C00583,4,36,2252.89,0,Loyal Mid-Tier
C00584,15,8,377.7,3,New/Occasional
C00585,14,9,835.93,3,New/Occasional
C00586,48,11,1171.25,3,New/Occasional
C00587,21,7,787.37,3,New/Occasional
C00588,8,7,516.24,3,New/Occasional
C00589,28,9,1647.0,3,New/Occasional
C00590,83,4,296.21,3,New/Occasional
C00591,92,3,1011.33,3,New/Occasional
C00592,210,9,4559.73,1,At-Risk
C00593,109,32,6580.33,0,Loyal Mid-Tier
C00594,74,28,4680.99,0,Loyal Mid-Tier
C00595,85,2,255.4,3,New/Occasional
C00596,0,35,2810.18,0,Loyal Mid-Tier
C00597,0,58,5717.33,0,Loyal Mid-Tier
C00598,10,8,658.26,3,New/Occasional
C00599,24,64,6874.4,2,VIP
C00600,131,7,1113.8,1,At-Risk
C00601,17,1,51.46,3,New/Occasional
C00602,24,18,2378.18,3,New/Occasional
C00603,36,6,586.6,3,New/Occasional
C00604,20,48,3505.96,0,Loyal Mid-Tier
C00605,92,28,720.25,0,Loyal Mid-Tier
C00606,162,12,1429.53,1,At-Risk
C00607,106,67,1226.13,0,Loyal Mid-Tier
C00608,45,47,8759.82,2,VIP
C00609,9,60,2759.34,0,Loyal Mid-Tier
C00610,78,7,631.57,3,New/Occasional
C00611,5,2,107.31,3,New/Occasional
C00612,8,3,421.71,3,New/Occasional
C00613,33,20,1372.66,3,New/Occasional
C00614,10,2,70.38,3,New/Occasional
C00615,144,4,864.5,1,At-Risk
C00616,15,4,159.99,3,New/Occasional
C00617,2,30,3807.69,0,Loyal Mid-Tier
C00618,143,13,5180.82,1,At-Risk
C00619,43,17,1394.93,3,New/Occasional
C00620,15,24,1483.41,3,New/Occasional
C00621,17,2,120.61,3,New/Occasional
C00622,0,5,1255.06,3,New/Occasional
C00623,25,4,1470.94,3,New/Occasional
C00624,38,53,5634.33,0,Loyal Mid-Tier
C00625,45,41,2043.49,0,Loyal Mid-Tier
C00626,12,2,70.23,3,New/Occasional
C00627,15,2,156.94,3,New/Occasional
C00628,5,76,4546.96,0,Loyal Mid-Tier
C00629,14,1,48.06,3,New/Occasional
C00630,108,9,358.34,1,At-Risk
C00631,69,15,1100.79,3,New/Occasional
C00632,3,27,2383.1,0,Loyal Mid-Tier
C00633,14,10,203.77,3,New/Occasional
C00634,6,6,2471.7,3,New/Occasional
C00635,3,26,1903.74,0,Loyal Mid-Tier
C00636,12,15,1337.57,3,New/Occasional
C00637,145,2,183.7,1,At-Risk
C00638,63,40,4939.86,0,Loyal Mid-Tier
C00639,106,45,4934.89,0,Loyal Mid-Tier
C00640,86,14,1433.13,3,New/Occasional
C00641,106,4,508.96,1,At-Risk
C00642,15,6,177.9,3,New/Occasional
C00643,14,35,1109.12,0,Loyal Mid-Tier
C00644,34,5,268.02,3,New/Occasional
C00645,50,33,3875.23,0,Loyal Mid-Tier
C00646,185,43,18326.52,2,VIP
C00647,79,15,648.27,3,New/Occasional
C00648,91,3,323.62,3,New/Occasional
C00649,59,1,117.04,3,New/Occasional
C00650,139,34,834.98,1,At-Risk
C00651,231,9,330.22,1,At-Risk
C00652,69,26,1082.64,0,Loyal Mid-Tier
C00653,106,10,909.99,1,At-Risk
C00654,126,25,522.56,1,At-Risk
C00655,3,19,1055.71,3,New/Occasional
C00656,132,21,1894.71,1,At-Risk
C00657,21,3,248.03,3,New/Occasional
C00658,50,29,5643.05,0,Loyal Mid-Tier
C00659,53,11,187.5,3,New/Occasional
C00660,38,6,406.31,3,New/Occasional
C00661,12,44,2110.46,0,Loyal Mid-Tier
C00662,109,9,989.72,1,At-Risk
C00663,82,33,14931.56,2,VIP
C00664,120,20,1598.69,1,At-Risk
C00665,62,22,2878.45,0,Loyal Mid-Tier
C00666,104,5,78.35,3,New/Occasional
C00667,6,13,565.61,3,New/Occasional
C00668,65,9,579.49,3,New/Occasional
C00669,148,8,596.26,1,At-Risk
C00670,78,29,4296.96,0,Loyal Mid-Tier
C00671,33,22,1645.95,3,New/Occasional
C00672,2,6,457.86,3,New/Occasional
C00673,43,9,783.57,3,New/Occasional
C00674,76,30,4148.7,0,Loyal Mid-Tier
C00675,47,12,293.13,3,New/Occasional
C00676,30,12,1369.1,3,New/Occasional
C00677,58,16,1354.85,3,New/Occasional
C00678,38,8,1326.26,3,New/Occasional
C00679,11,2,102.42,3,New/Occasional
C00680,45,18,1266.52,3,New/Occasional
C00681,89,22,1788.62,3,New/Occasional
C00682,135,5,407.38,1,At-Risk
C00683,10,3,391.52,3,New/Occasional
C00684,38,8,385.28,3,New/Occasional
C00685,47,12,3695.3,3,New/Occasional
C00686,24,8,365.88,3,New/Occasional
C00687,161,9,748.43,1,At-Risk
C00688,41,3,128.96,3,New/Occasional
C00689,1,24,1407.33,3,New/Occasional
C00690,42,9,397.84,3,New/Occasional
C00691,0,6,180.66,3,New/Occasional
C00692,233,1,39.06,1,At-Risk
C00693,202,22,1293.48,1,At-Risk
C00694,46,27,1876.31,0,Loyal Mid-Tier
C00695,20,9,527.09,3,New/Occasional
C00696,80,23,875.81,3,New/Occasional
C00697,23,12,658.78,3,New/Occasional
C00698,1,10,1116.27,3,New/Occasional
C00699,64,1,58.32,3,New/Occasional
C00700,40,28,2564.94,0,Loyal Mid-Tier
C00701,14,22,1586.89,3,New/Occasional
C00702,142,7,396.45,1,At-Risk
C00703,22,9,2080.41,3,New/Occasional
C00704,63,18,470.58,3,New/Occasional
C00705,47,12,1300.53,3,New/Occasional
C00706,0,2,298.66,3,New/Occasional
C00707,46,22,3682.06,0,Loyal Mid-Tier
C00708,206,8,534.67,1,At-Risk
C00709,100,5,206.69,3,New/Occasional
C00710,107,1,17.8,1,At-Risk
C00711,0,48,10448.07,2,VIP
C00712,79,9,269.4,3,New/Occasional
C00713,30,14,499.61,3,New/Occasional
C00714,13,12,265.05,3,New/Occasional
C00715,4,75,19449.63,2,VIP
C00716,53,68,4839.53,0,Loyal Mid-Tier
C00717,288,14,654.03,1,At-Risk
C00718,132,19,5467.4,1,At-Risk
C00719,16,11,527.7,3,New/Occasional
C00720,93,38,1446.43,0,Loyal Mid-Tier
C00721,24,4,274.85,3,New/Occasional
C00722,42,26,1956.6,0,Loyal Mid-Tier
C00723,77,3,256.76,3,New/Occasional
C00724,22,16,1499.25,3,New/Occasional
C00725,12,3,112.58,3,New/Occasional
C00726,114,2,223.11,1,At-Risk
C00727,44,6,1062.47,3,New/Occasional
C00728,7,13,291.51,3,New/Occasional
C00729,12,1,94.18,3,New/Occasional
C00730,4,10,510.07,3,New/Occasional
C00731,121,12,1215.89,1,At-Risk
C00732,42,7,660.81,3,New/Occasional
C00733,48,13,465.44,3,New/Occasional
C00734,120,13,1111.1,1,At-Risk
C00735,135,15,379.16,1,At-Risk
C00736,9,59,2217.24,0,Loyal Mid-Tier
C00737,40,1,45.21,3,New/Occasional
C00738,43,38,1911.86,0,Loyal Mid-Tier
C00739,89,14,1384.26,3,New/Occasional
C00740,38,33,2810.48,0,Loyal Mid-Tier
C00741,91,4,57.89,3,New/Occasional
C00742,5,5,1357.5,3,New/Occasional
C00743,31,14,1041.28,3,New/Occasional
C00744,2,6,308.95,3,New/Occasional
C00745,30,4,167.56,3,New/Occasional
C00746,51,9,1133.81,3,New/Occasional
C00747,16,1,46.79,3,New/Occasional
C00748,14,41,1441.0,0,Loyal Mid-Tier
C00749,22,16,1934.42,3,New/Occasional
C00750,71,11,339.85,3,New/Occasional
C00751,39,16,2539.38,3,New/Occasional
C00752,8,8,324.14,3,New/Occasional
C00753,9,15,872.51,3,New/Occasional
C00754,37,10,438.81,3,New/Occasional
C00755,62,10,176.45,3,New/Occasional
C00756,91,30,530.48,0,Loyal Mid-Tier
C00757,7,40,3451.35,0,Loyal Mid-Tier
C00758,8,19,384.88,3,New/Occasional
C00759,14,16,2696.1,3,New/Occasional
C00760,4,1,50.74,3,New/Occasional
C00761,285,28,1735.63,1,At-Risk
C00762,36,25,1817.37,0,Loyal Mid-Tier
C00763,12,29,2471.12,0,Loyal Mid-Tier
C00764,85,4,304.52,3,New/Occasional
C00765,5,2,481.63,3,New/Occasional
C00766,34,33,1024.97,0,Loyal Mid-Tier
C00767,104,13,474.72,1,At-Risk
C00768,4,23,2670.2,0,Loyal Mid-Tier
C00769,191,13,938.46,1,At-Risk
C00770,26,8,391.64,3,New/Occasional
C00771,34,9,472.04,3,New/Occasional
C00772,1,11,522.58,3,New/Occasional
C00773,98,6,520.97,3,New/Occasional
C00774,1,9,287.25,3,New/Occasional
C00775,0,11,1238.94,3,New/Occasional
C00776,7,16,758.28,3,New/Occasional
C00777,10,31,3674.43,0,Loyal Mid-Tier
C00778,50,32,664.51,0,Loyal Mid-Tier
C00779,20,1,198.14,3,New/Occasional
C00780,1,22,1062.61,3,New/Occasional
C00781,28,18,862.61,3,New/Occasional
C00782,35,1,137.79,3,New/Occasional
C00783,16,2,109.08,3,New/Occasional
C00784,34,15,1314.86,3,New/Occasional
C00785,39,27,2499.9,0,Loyal Mid-Tier
C00786,19,1,58.82,3,New/Occasional
C00787,105,42,4961.32,0,Loyal Mid-Tier
C00788,48,2,192.11,3,New/Occasional
C00789,47,9,570.48,3,New/Occasional
C00790,114,29,913.62,1,At-Risk
C00791,79,41,10569.33,2,VIP
C00792,130,11,1258.14,1,At-Risk
C00793,79,6,251.03,3,New/Occasional
C00794,65,51,2978.84,0,Loyal Mid-Tier
C00795,37,51,5704.11,0,Loyal Mid-Tier
C00796,31,48,5536.58,0,Loyal Mid-Tier
C00797,35,11,459.91,3,New/Occasional
C00798,59,14,845.71,3,New/Occasional
C00799,129,30,1694.59,1,At-Risk
C00800,39,23,458.49,3,New/Occasional
C00801,227,40,3292.97,1,At-Risk
C00802,125,4,634.57,1,At-Risk
C00803,10,3,258.65,3,New/Occasional
C00804,9,3,277.96,3,New/Occasional
C00805,123,22,1502.06,1,At-Risk
C00806,24,10,801.13,3,New/Occasional
C00807,7,1,41.89,3,New/Occasional
C00808,27,2,219.67,3,New/Occasional
C00809,73,4,148.78,3,New/Occasional
C00810,102,7,231.37,3,New/Occasional
C00811,27,8,272.85,3,New/Occasional
C00812,82,31,3572.47,0,Loyal Mid-Tier
C00813,61,45,12480.93,2,VIP
C00814,20,6,318.36,3,New/Occasional
C00815,30,14,825.55,3,New/Occasional
C00816,13,19,712.2,3,New/Occasional
C00817,51,30,5235.73,0,Loyal Mid-Tier
C00818,24,25,3259.76,0,Loyal Mid-Tier
C00819,17,3,293.37,3,New/Occasional
C00820,20,27,721.96,3,New/Occasional
C00821,25,17,926.11,3,New/Occasional
C00822,58,46,5188.96,0,Loyal Mid-Tier
C00823,157,2,123.57,1,At-Risk
C00824,40,33,3525.83,0,Loyal Mid-Tier
C00825,216,33,549.66,1,At-Risk
C00826,37,15,1709.24,3,New/Occasional
C00827,80,17,1354.01,3,New/Occasional
C00828,90,6,396.76,3,New/Occasional
C00829,12,7,235.15,3,New/Occasional
C00830,38,5,247.18,3,New/Occasional
C00831,13,8,227.04,3,New/Occasional
C00832,58,6,1208.77,3,New/Occasional
C00833,21,3,1311.6,3,New/Occasional
C00834,102,14,1855.17,1,At-Risk
C00835,71,17,1729.0,3,New/Occasional
C00836,43,10,268.92,3,New/Occasional
C00837,7,6,1430.56,3,New/Occasional
C00838,73,15,2279.51,3,New/Occasional
C00839,185,29,6589.38,1,At-Risk
C00840,114,16,810.07,1,At-Risk
C00841,0,27,2943.09,0,Loyal Mid-Tier
C00842,18,62,7029.76,2,VIP
C00843,40,13,1199.7,3,New/Occasional
C00844,79,4,502.39,3,New/Occasional
C00845,7,1,56.66,3,New/Occasional
C00846,75,17,1764.9,3,New/Occasional
C00847,56,3,65.13,3,New/Occasional
C00848,30,5,280.08,3,New/Occasional
C00849,26,10,425.94,3,New/Occasional
C00850,47,3,64.21,3,New/Occasional
C00851,83,23,5826.14,0,Loyal Mid-Tier
C00852,30,9,1098.08,3,New/Occasional
C00853,200,16,3028.96,1,At-Risk
C00854,0,20,545.72,3,New/Occasional
C00855,27,8,354.47,3,New/Occasional
C00856,49,30,3072.17,0,Loyal Mid-Tier
C00857,104,26,3937.08,0,Loyal Mid-Tier
C00858,86,29,1655.99,0,Loyal Mid-Tier
C00859,102,15,1212.11,1,At-Risk
C00860,35,20,1398.08,3,New/Occasional
C00861,15,23,2121.57,0,Loyal Mid-Tier
C00862,3,11,1056.05,3,New/Occasional
C00863,160,6,332.74,1,At-Risk
C00864,88,10,401.28,3,New/Occasional
C00865,11,8,961.03,3,New/Occasional
C00866,133,6,450.0,1,At-Risk
C00867,86,26,1467.45,0,Loyal Mid-Tier
C00868,12,22,1357.87,3,New/Occasional
C00869,28,2,85.12,3,New/Occasional
C00870,97,4,124.07,3,New/Occasional
C00871,138,5,100.5,1,At-Risk
C00872,11,36,5523.97,0,Loyal Mid-Tier
C00873,36,39,8839.99,2,VIP
C00874,12,45,2773.61,0,Loyal Mid-Tier
C00875,119,20,1867.16,1,At-Risk
C00876,53,19,501.88,3,New/Occasional
C00877,131,1,24.9,1,At-Risk
C00878,26,55,801.77,0,Loyal Mid-Tier
C00879,1,19,1882.77,3,New/Occasional
C00880,19,21,6355.75,0,Loyal Mid-Tier
C00881,48,23,551.34,3,New/Occasional
C00882,17,20,4139.6,0,Loyal Mid-Tier
C00883,5,8,515.55,3,New/Occasional
C00884,36,10,814.26,3,New/Occasional
C00885,202,9,1385.06,1,At-Risk
C00886,5,1,128.99,3,New/Occasional
C00887,2,11,668.63,3,New/Occasional
C00888,27,2,336.17,3,New/Occasional
C00889,55,36,2132.17,0,Loyal Mid-Tier
C00890,2,4,355.28,3,New/Occasional
C00891,6,2,58.8,3,New/Occasional
C00892,50,1,373.0,3,New/Occasional
C00893,59,36,4213.04,0,Loyal Mid-Tier
C00894,5,21,859.26,3,New/Occasional
C00895,51,3,304.47,3,New/Occasional
C00896,64,2,38.43,3,New/Occasional
C00897,25,9,704.37,3,New/Occasional
C00898,137,42,3763.22,0,Loyal Mid-Tier
C00899,10,4,484.55,3,New/Occasional
C00900,10,34,4068.45,0,Loyal Mid-Tier
C00901,7,30,793.78,0,Loyal Mid-Tier
C00902,82,31,3462.19,0,Loyal Mid-Tier
C00903,128,9,2524.28,1,At-Risk
C00904,42,5,261.85,3,New/Occasional
C00905,157,15,532.06,1,At-Risk
C00906,31,28,1741.93,0,Loyal Mid-Tier
C00907,36,46,4853.96,0,Loyal Mid-Tier
C00908,89,17,1537.0,3,New/Occasional
C00909,7,4,297.47,3,New/Occasional
C00910,17,11,1600.41,3,New/Occasional
C00911,13,44,12758.8,2,VIP
C00912,159,18,3602.94,1,At-Risk
C00913,24,12,1972.87,3,New/Occasional
C00914,44,40,644.51,0,Loyal Mid-Tier
C00915,34,1,62.58,3,New/Occasional
C00916,3,22,1473.3,3,New/Occasional
C00917,138,11,1498.67,1,At-Risk
C00918,17,10,332.06,3,New/Occasional
C00919,27,7,335.53,3,New/Occasional
C00920,224,7,507.65,1,At-Risk
C00921,89,15,1857.07,3,New/Occasional
C00922,154,24,476.44,1,At-Risk
C00923,55,35,6397.27,0,Loyal Mid-Tier
C00924,100,17,3878.74,0,Loyal Mid-Tier
C00925,72,33,1495.19,0,Loyal Mid-Tier
C00926,111,6,198.49,1,At-Risk
C00927,22,39,2657.81,0,Loyal Mid-Tier
C00928,54,4,304.88,3,New/Occasional
C00929,53,5,553.76,3,New/Occasional
C00930,11,17,312.73,3,New/Occasional
C00931,4,33,796.33,0,Loyal Mid-Tier
C00932,25,15,849.46,3,New/Occasional
C00933,95,10,1207.44,3,New/Occasional
C00934,54,4,683.25,3,New/Occasional
C00935,8,22,1115.5,3,New/Occasional
C00936,2,6,1210.88,3,New/Occasional
C00937,0,18,672.56,3,New/Occasional
C00938,53,4,252.51,3,New/Occasional
C00939,61,45,1316.84,0,Loyal Mid-Tier
C00940,32,29,3508.46,0,Loyal Mid-Tier
C00941,16,15,3574.52,3,New/Occasional
C00942,7,17,1100.38,3,New/Occasional
C00943,54,6,259.15,3,New/Occasional
C00944,54,22,487.75,3,New/Occasional
C00945,51,5,305.5,3,New/Occasional
C00946,82,20,1786.88,3,New/Occasional
C00947,23,38,5831.59,0,Loyal Mid-Tier
C00948,98,33,4860.91,0,Loyal Mid-Tier
C00949,162,1,36.07,1,At-Risk
C00950,12,12,963.15,3,New/Occasional
C00951,15,15,2857.27,3,New/Occasional
C00952,48,41,1872.85,0,Loyal Mid-Tier
C00953,86,3,253.62,3,New/Occasional
C00954,12,2,80.0,3,New/Occasional
C00955,9,3,142.75,3,New/Occasional
C00956,64,14,1753.11,3,New/Occasional
C00957,74,11,1558.68,3,New/Occasional
C00958,62,6,187.48,3,New/Occasional
C00959,56,31,1270.76,0,Loyal Mid-Tier
C00960,29,8,901.14,3,New/Occasional
C00961,58,5,734.59,3,New/Occasional
C00962,8,2,141.0,3,New/Occasional
C00963,21,63,4983.45,0,Loyal Mid-Tier
C00964,90,13,794.7,3,New/Occasional
C00965,9,34,4032.3,0,Loyal Mid-Tier
C00966,101,19,8272.14,2,VIP
C00967,5,4,119.99,3,New/Occasional
C00968,35,28,1000.21,0,Loyal Mid-Tier
C00969,58,46,5264.38,0,Loyal Mid-Tier
C00970,122,1,77.7,1,At-Risk
C00971,1,55,2682.18,0,Loyal Mid-Tier
C00972,328,13,508.63,1,At-Risk
C00973,37,7,1785.97,3,New/Occasional
C00974,56,2,168.75,3,New/Occasional
C00975,40,7,718.65,3,New/Occasional
C00976,23,5,130.79,3,New/Occasional
C00977,29,24,4092.66,0,Loyal Mid-Tier
C00978,31,14,611.96,3,New/Occasional
C00979,49,51,7391.08,2,VIP
C00980,79,5,130.21,3,New/Occasional
C00981,5,8,896.25,3,New/Occasional
C00982,58,24,1357.52,3,New/Occasional
C00983,48,1,77.45,3,New/Occasional
C00984,46,19,719.42,3,New/Occasional
C00985,55,17,349.13,3,New/Occasional
C00986,30,15,1356.89,3,New/Occasional
C00987,6,46,12901.84,2,VIP
C00988,31,2,352.57,3,New/Occasional
C00989,54,2,234.57,3,New/Occasional
C00990,6,36,1240.74,0,Loyal Mid-Tier
C00991,34,2,193.83,3,New/Occasional
C00992,29,9,954.08,3,New/Occasional
C00993,98,26,7524.79,0,Loyal Mid-Tier
C00994,69,6,617.59,3,New/Occasional
C00995,10,15,1237.37,3,New/Occasional
C00996,81,3,516.61,3,New/Occasional
C00997,55,2,375.83,3,New/Occasional
C00998,51,3,65.48,3,New/Occasional
C00999,24,56,6742.0,0,Loyal Mid-Tier
C01000,33,27,2894.8,0,Loyal Mid-Tier
C01001,30,14,3311.11,3,New/Occasional
C01002,23,3,401.1,3,New/Occasional
C01003,50,30,4423.76,0,Loyal Mid-Tier
C01004,30,32,503.58,0,Loyal Mid-Tier
C01005,8,4,768.37,3,New/Occasional
C01006,47,1,208.91,3,New/Occasional
C01007,139,26,1016.49,1,At-Risk
C01008,53,39,3450.62,0,Loyal Mid-Tier
C01009,55,4,638.24,3,New/Occasional
C01010,69,27,4773.16,0,Loyal Mid-Tier
C01011,4,5,496.73,3,New/Occasional
C01012,12,21,8179.36,2,VIP
C01013,29,18,4032.97,0,Loyal Mid-Tier
C01014,57,17,1012.88,3,New/Occasional
C01015,17,25,6450.14,0,Loyal Mid-Tier
C01016,40,2,187.18,3,New/Occasional
C01017,44,52,2839.93,0,Loyal Mid-Tier
C01018,237,1,89.66,1,At-Risk
C01019,16,5,108.47,3,New/Occasional
C01020,15,17,1359.15,3,New/Occasional
C01021,2,12,2801.9,3,New/Occasional
C01022,101,4,529.39,3,New/Occasional
C01023,7,59,1509.01,0,Loyal Mid-Tier
C01024,81,4,313.76,3,New/Occasional
C01025,20,50,8254.92,2,VIP
C01026,110,15,287.39,1,At-Risk
C01027,77,12,729.38,3,New/Occasional
C01028,318,55,5599.31,1,At-Risk
C01029,162,6,891.49,1,At-Risk
C01030,124,15,459.23,1,At-Risk
C01031,63,5,203.45,3,New/Occasional
C01032,32,3,744.93,3,New/Occasional
C01033,51,4,145.44,3,New/Occasional
C01034,11,15,695.96,3,New/Occasional
C01035,22,13,1132.79,3,New/Occasional
C01036,107,1,51.39,1,At-Risk
C01037,51,19,1601.58,3,New/Occasional
C01038,22,4,830.08,3,New/Occasional
C01039,17,14,1364.21,3,New/Occasional
C01040,12,6,218.69,3,New/Occasional
C01041,4,59,8929.33,2,VIP
C01042,90,1,43.07,3,New/Occasional
C01043,103,25,880.42,1,At-Risk
C01044,59,3,122.65,3,New/Occasional
C01045,19,21,2566.67,0,Loyal Mid-Tier
C01046,94,5,736.63,3,New/Occasional
C01047,0,1,158.59,3,New/Occasional
C01048,86,20,355.28,3,New/Occasional
C01049,25,13,2239.99,3,New/Occasional
C01050,26,18,1425.41,3,New/Occasional
C01051,17,69,3363.05,0,Loyal Mid-Tier
C01052,85,2,19.72,3,New/Occasional
C01053,19,17,1072.96,3,New/Occasional
C01054,67,1,387.57,3,New/Occasional
C01055,11,19,609.32,3,New/Occasional
C01056,25,64,3829.75,0,Loyal Mid-Tier
C01057,57,35,2373.29,0,Loyal Mid-Tier
C01058,5,12,2019.28,3,New/Occasional
C01059,37,46,1813.73,0,Loyal Mid-Tier
C01060,15,1,36.82,3,New/Occasional
C01061,141,4,204.07,1,At-Risk
C01062,70,29,701.89,0,Loyal Mid-Tier
C01063,53,48,9326.07,2,VIP
C01064,12,41,2104.56,0,Loyal Mid-Tier
C01065,56,25,3772.07,0,Loyal Mid-Tier
C01066,1,8,1116.93,3,New/Occasional
C01067,6,19,3939.46,0,Loyal Mid-Tier
C01068,65,8,351.95,3,New/Occasional
C01069,30,10,766.64,3,New/Occasional
C01070,21,4,235.04,3,New/Occasional
C01071,91,3,365.43,3,New/Occasional
C01072,8,6,664.04,3,New/Occasional
C01073,17,16,1220.37,3,New/Occasional
C01074,16,13,300.6,3,New/Occasional
C01075,6,12,569.92,3,New/Occasional
C01076,11,8,596.76,3,New/Occasional
C01077,21,5,263.37,3,New/Occasional
C01078,27,7,1010.67,3,New/Occasional
C01079,35,3,68.3,3,New/Occasional
C01080,72,4,175.35,3,New/Occasional
C01081,16,20,3136.35,0,Loyal Mid-Tier
C01082,101,26,1543.26,0,Loyal Mid-Tier
C01083,105,5,281.43,1,At-Risk
C01084,19,12,2186.86,3,New/Occasional
C01085,136,20,3014.59,1,At-Risk
C01086,110,3,237.45,1,At-Risk
C01087,52,11,334.22,3,New/Occasional
C01088,54,16,1037.61,3,New/Occasional
C01089,87,2,215.99,3,New/Occasional
C01090,16,5,394.4,3,New/Occasional
C01091,47,5,147.05,3,New/Occasional
C01092,3,5,216.3,3,New/Occasional
C01093,32,2,21.88,3,New/Occasional
C01094,36,11,896.95,3,New/Occasional
C01095,12,12,737.42,3,New/Occasional
C01096,12,1,167.4,3,New/Occasional
C01097,14,6,228.82,3,New/Occasional
C01098,22,27,1321.34,0,Loyal Mid-Tier
C01099,60,57,679.04,0,Loyal Mid-Tier
C01100,137,22,271.55,1,At-Risk
C01101,19,8,322.11,3,New/Occasional
C01102,27,9,228.81,3,New/Occasional
C01103,15,6,655.56,3,New/Occasional
C01104,10,2,172.65,3,New/Occasional
C01105,63,4,300.68,3,New/Occasional
C01106,68,8,2136.33,3,New/Occasional
C01107,70,18,1471.64,3,New/Occasional
C01108,37,21,744.68,3,New/Occasional
C01109,10,1,12.67,3,New/Occasional
C01110,80,30,5855.01,0,Loyal Mid-Tier
C01111,11,14,2794.54,3,New/Occasional
C01112,10,16,861.04,3,New/Occasional
C01113,5,3,387.0,3,New/Occasional
C01114,24,26,2085.27,0,Loyal Mid-Tier
C01115,5,10,1678.52,3,New/Occasional
C01116,75,1,37.01,3,New/Occasional
C01117,47,40,1848.27,0,Loyal Mid-Tier
C01118,6,21,721.82,3,New/Occasional
C01119,27,8,570.84,3,New/Occasional
C01120,87,47,6737.89,0,Loyal Mid-Tier
C01121,46,7,1490.38,3,New/Occasional
C01122,81,30,1147.51,0,Loyal Mid-Tier
C01123,17,27,1636.05,0,Loyal Mid-Tier
C01124,71,12,1027.51,3,New/Occasional
C01125,108,45,10183.08,2,VIP
C01126,11,21,5542.79,0,Loyal Mid-Tier
C01127,72,7,106.77,3,New/Occasional
C01128,82,1,38.13,3,New/Occasional
C01129,41,22,1110.05,3,New/Occasional
C01130,216,9,1045.83,1,At-Risk
C01131,31,3,99.68,3,New/Occasional
C01132,125,18,1772.61,1,At-Risk
C01133,34,1,24.12,3,New/Occasional
C01134,28,8,558.08,3,New/Occasional
C01135,76,4,608.59,3,New/Occasional
C01136,51,25,1263.59,0,Loyal Mid-Tier
C01137,35,15,2475.92,3,New/Occasional
C01138,2,8,709.73,3,New/Occasional
C01139,31,54,24396.89,2,VIP
C01140,114,63,7212.22,2,VIP
C01141,9,1,68.01,3,New/Occasional
C01142,99,29,3670.74,0,Loyal Mid-Tier
C01143,29,15,1483.98,3,New/Occasional
C01144,55,16,1213.28,3,New/Occasional
C01145,4,26,2315.91,0,Loyal Mid-Tier
C01146,39,8,870.99,3,New/Occasional
C01147,16,5,213.43,3,New/Occasional
C01148,3,9,649.98,3,New/Occasional
C01149,75,13,1060.26,3,New/Occasional
C01150,6,26,3848.98,0,Loyal Mid-Tier
C01151,5,8,579.74,3,New/Occasional
C01152,65,51,2782.38,0,Loyal Mid-Tier
C01153,37,6,592.09,3,New/Occasional
C01154,92,2,54.03,3,New/Occasional
C01155,94,17,550.1,3,New/Occasional
C01156,46,7,281.9,3,New/Occasional
C01157,31,24,3856.27,0,Loyal Mid-Tier
C01158,5,32,4092.46,0,Loyal Mid-Tier
C01159,82,7,241.96,3,New/Occasional
C01160,83,1,71.42,3,New/Occasional
C01161,73,27,3926.6,0,Loyal Mid-Tier
C01162,95,40,5283.09,0,Loyal Mid-Tier
C01163,44,22,5693.63,0,Loyal Mid-Tier
C01164,43,1,44.68,3,New/Occasional
C01165,79,8,1474.58,3,New/Occasional
C01166,60,3,136.75,3,New/Occasional
C01167,6,25,2992.65,0,Loyal Mid-Tier
C01168,4,30,3645.37,0,Loyal Mid-Tier
C01169,175,18,708.03,1,At-Risk
C01170,50,14,926.31,3,New/Occasional
C01171,14,10,647.3,3,New/Occasional
C01172,46,31,895.88,0,Loyal Mid-Tier
C01173,22,14,1477.28,3,New/Occasional
C01174,51,67,5509.76,0,Loyal Mid-Tier
C01175,158,5,87.53,1,At-Risk
C01176,2,7,851.36,3,New/Occasional
C01177,65,7,168.42,3,New/Occasional
C01178,18,30,1050.49,0,Loyal Mid-Tier
C01179,23,8,545.1,3,New/Occasional
C01180,9,29,6388.78,0,Loyal Mid-Tier
C01181,4,2,62.89,3,New/Occasional
C01182,5,8,761.01,3,New/Occasional
C01183,73,14,1346.39,3,New/Occasional
C01184,11,24,1130.84,3,New/Occasional
C01185,89,13,379.12,3,New/Occasional
C01186,65,29,1040.15,0,Loyal Mid-Tier
C01187,35,16,5195.95,0,Loyal Mid-Tier
C01188,42,11,867.1,3,New/Occasional
C01189,79,32,2123.09,0,Loyal Mid-Tier
C01190,11,78,8029.13,2,VIP
C01191,110,18,510.58,1,At-Risk
C01192,176,8,1041.25,1,At-Risk
C01193,40,2,264.01,3,New/Occasional
C01194,69,11,891.18,3,New/Occasional
C01195,121,19,530.2,1,At-Risk
C01196,204,23,2560.42,1,At-Risk
C01197,0,8,1123.14,3,New/Occasional
C01198,201,10,1336.26,1,At-Risk
C01199,99,12,927.62,3,New/Occasional
C01200,26,40,912.45,0,Loyal Mid-Tier
C01201,25,16,916.51,3,New/Occasional
C01202,49,1,39.39,3,New/Occasional
C01203,9,3,142.13,3,New/Occasional
C01204,50,38,7046.39,0,Loyal Mid-Tier
C01205,72,8,531.3,3,New/Occasional
C01206,0,17,2774.79,3,New/Occasional
C01207,27,3,312.48,3,New/Occasional
C01208,98,1,75.94,3,New/Occasional
C01209,13,6,674.61,3,New/Occasional
C01210,29,4,331.45,3,New/Occasional
C01211,8,3,143.3,3,New/Occasional
C01212,63,16,861.63,3,New/Occasional
C01213,13,14,693.0,3,New/Occasional
C01214,70,22,6537.83,0,Loyal Mid-Tier
C01215,5,35,870.97,0,Loyal Mid-Tier
C01216,3,53,1951.44,0,Loyal Mid-Tier
C01217,39,2,285.8,3,New/Occasional
C01218,135,15,1851.37,1,At-Risk
C01219,76,24,1995.33,0,Loyal Mid-Tier
C01220,76,25,1204.74,0,Loyal Mid-Tier
C01221,4,27,640.07,3,New/Occasional
C01222,50,25,2920.43,0,Loyal Mid-Tier
C01223,67,22,721.96,3,New/Occasional
C01224,7,30,1553.98,0,Loyal Mid-Tier
C01225,31,8,687.16,3,New/Occasional
C01226,42,6,611.88,3,New/Occasional
C01227,151,7,674.55,1,At-Risk
C01228,98,6,304.15,3,New/Occasional
C01229,13,23,468.59,3,New/Occasional
C01230,18,14,862.64,3,New/Occasional
C01231,50,10,596.88,3,New/Occasional
C01232,232,2,53.14,1,At-Risk
C01233,0,14,1256.81,3,New/Occasional
C01234,69,6,458.4,3,New/Occasional
C01235,72,10,300.62,3,New/Occasional
C01236,6,24,742.88,3,New/Occasional
C01237,20,3,161.78,3,New/Occasional
C01238,53,51,2855.51,0,Loyal Mid-Tier
C01239,44,7,466.38,3,New/Occasional
C01240,90,4,248.1,3,New/Occasional
C01241,96,17,1378.71,3,New/Occasional
C01242,32,7,379.02,3,New/Occasional
C01243,29,5,328.91,3,New/Occasional
C01244,91,14,533.83,3,New/Occasional
C01245,36,14,458.69,3,New/Occasional
C01246,7,7,755.15,3,New/Occasional
C01247,69,5,535.22,3,New/Occasional
C01248,44,25,617.3,3,New/Occasional
C01249,32,8,225.5,3,New/Occasional
C01250,27,53,4272.85,0,Loyal Mid-Tier
C01251,18,8,309.22,3,New/Occasional
C01252,13,4,1175.37,3,New/Occasional
C01253,25,7,316.65,3,New/Occasional
C01254,45,16,3738.14,0,Loyal Mid-Tier
C01255,115,44,2060.7,0,Loyal Mid-Tier
C01256,2,9,1392.73,3,New/Occasional
C01257,27,15,439.51,3,New/Occasional
C01258,91,4,269.44,3,New/Occasional
C01259,37,31,1179.14,0,Loyal Mid-Tier
C01260,136,31,1095.23,1,At-Risk
C01261,45,28,4325.09,0,Loyal Mid-Tier
C01262,153,2,59.95,1,At-Risk
C01263,55,32,1351.45,0,Loyal Mid-Tier
C01264,101,42,1008.68,0,Loyal Mid-Tier
C01265,58,38,3767.37,0,Loyal Mid-Tier
C01266,16,4,384.78,3,New/Occasional
C01267,28,6,124.52,3,New/Occasional
C01268,203,8,469.64,1,At-Risk
C01269,49,1,91.27,3,New/Occasional
C01270,188,5,684.06,1,At-Risk
C01271,216,32,1384.59,1,At-Risk
C01272,32,38,3480.7,0,Loyal Mid-Tier
C01273,69,1,62.62,3,New/Occasional
C01274,29,21,777.46,3,New/Occasional
C01275,192,62,2611.71,0,Loyal Mid-Tier
C01276,28,10,1928.6,3,New/Occasional
C01277,34,22,772.94,3,New/Occasional
C01278,49,15,3238.85,3,New/Occasional
C01279,62,24,2100.95,0,Loyal Mid-Tier
C01280,38,21,625.57,3,New/Occasional
C01281,20,30,2794.47,0,Loyal Mid-Tier
C01282,28,35,2323.97,0,Loyal Mid-Tier
C01283,141,7,545.59,1,At-Risk
C01284,49,57,2224.48,0,Loyal Mid-Tier
C01285,105,6,527.6,1,At-Risk
C01286,35,30,3610.85,0,Loyal Mid-Tier
C01287,114,26,946.44,1,At-Risk
C01288,8,14,1770.43,3,New/Occasional
C01289,0,52,3770.97,0,Loyal Mid-Tier
C01290,43,50,3402.41,0,Loyal Mid-Tier
C01291,12,77,3720.64,0,Loyal Mid-Tier
C01292,147,6,382.4,1,At-Risk
C01293,41,4,445.37,3,New/Occasional
C01294,2,7,343.13,3,New/Occasional
C01295,131,3,593.61,1,At-Risk
C01296,48,3,211.05,3,New/Occasional
C01297,9,12,410.94,3,New/Occasional
C01298,5,23,677.88,3,New/Occasional
C01299,193,7,1044.48,1,At-Risk
C01300,23,12,1565.19,3,New/Occasional
C01301,30,31,703.06,0,Loyal Mid-Tier
C01302,108,38,1552.0,0,Loyal Mid-Tier
C01303,121,11,395.7,1,At-Risk
C01304,8,9,306.36,3,New/Occasional
C01305,12,7,351.9,3,New/Occasional
C01306,37,9,1282.75,3,New/Occasional
C01307,29,2,87.14,3,New/Occasional
C01308,38,20,783.64,3,New/Occasional
C01309,56,13,1289.77,3,New/Occasional
C01310,2,5,714.6,3,New/Occasional
C01311,146,18,1232.79,1,At-Risk
C01312,16,6,223.78,3,New/Occasional
C01313,114,4,143.69,1,At-Risk
C01314,32,34,3643.28,0,Loyal Mid-Tier
C01315,92,20,1080.14,3,New/Occasional
C01316,108,25,7527.24,0,Loyal Mid-Tier
C01317,80,16,486.37,3,New/Occasional
C01318,32,4,777.6,3,New/Occasional
C01319,52,36,2525.44,0,Loyal Mid-Tier
C01320,1,8,2239.58,3,New/Occasional
C01321,154,2,113.28,1,At-Risk
C01322,0,1,114.18,3,New/Occasional
C01323,20,43,1480.62,0,Loyal Mid-Tier
C01324,49,2,370.81,3,New/Occasional
C01325,111,21,1621.63,1,At-Risk
C01326,84,1,129.44,3,New/Occasional
C01327,26,21,1701.11,3,New/Occasional
C01328,194,40,3543.83,1,At-Risk
C01329,4,27,1942.75,0,Loyal Mid-Tier
C01330,23,5,191.18,3,New/Occasional
C01331,217,5,515.14,1,At-Risk
C01332,14,8,480.45,3,New/Occasional
C01333,53,33,980.01,0,Loyal Mid-Tier
C01334,18,2,164.11,3,New/Occasional
C01335,5,65,11356.66,2,VIP
C01336,3,3,185.7,3,New/Occasional
C01337,175,1,196.22,1,At-Risk
C01338,95,64,2381.56,0,Loyal Mid-Tier
C01339,201,7,619.01,1,At-Risk
C01340,12,10,686.83,3,New/Occasional
C01341,6,10,1178.33,3,New/Occasional
C01342,135,1,128.99,1,At-Risk
C01343,33,34,3080.48,0,Loyal Mid-Tier
C01344,37,2,114.37,3,New/Occasional
C01345,235,23,915.09,1,At-Risk
C01346,12,3,547.19,3,New/Occasional
C01347,4,16,609.8,3,New/Occasional
C01348,25,17,1464.91,3,New/Occasional
C01349,9,4,166.45,3,New/Occasional
C01350,111,32,2814.25,0,Loyal Mid-Tier
C01351,16,2,409.28,3,New/Occasional
C01352,30,38,1349.89,0,Loyal Mid-Tier
C01353,120,19,176.58,1,At-Risk
C01354,14,8,100.05,3,New/Occasional
C01355,14,9,701.79,3,New/Occasional
C01356,150,9,1333.42,1,At-Risk
C01357,46,11,633.33,3,New/Occasional
C01358,59,12,200.61,3,New/Occasional
C01359,98,3,235.28,3,New/Occasional
C01360,47,8,916.86,3,New/Occasional
C01361,36,16,1378.49,3,New/Occasional
C01362,129,22,839.12,1,At-Risk
C01363,132,26,3136.5,1,At-Risk
C01364,14,9,1352.41,3,New/Occasional
C01365,13,60,1004.73,0,Loyal Mid-Tier
C01366,11,36,876.94,0,Loyal Mid-Tier
C01367,4,1,59.11,3,New/Occasional
C01368,34,5,290.76,3,New/Occasional
C01369,6,11,90.81,3,New/Occasional
C01370,198,5,296.5,1,At-Risk
C01371,176,29,1196.2,1,At-Risk
C01372,11,19,3108.08,0,Loyal Mid-Tier
C01373,42,55,3661.18,0,Loyal Mid-Tier
C01374,47,37,902.77,0,Loyal Mid-Tier
C01375,150,5,836.1,1,At-Risk
C01376,25,17,1465.9,3,New/Occasional
C01377,38,10,1256.24,3,New/Occasional
C01378,5,17,825.46,3,New/Occasional
C01379,2,5,380.96,3,New/Occasional
C01380,11,17,1152.37,3,New/Occasional
C01381,13,4,1779.56,3,New/Occasional
C01382,75,5,1028.93,3,New/Occasional
C01383,128,18,2025.94,1,At-Risk
C01384,37,27,516.29,3,New/Occasional
C01385,4,12,457.63,3,New/Occasional
C01386,85,2,378.7,3,New/Occasional
C01387,19,25,2578.83,0,Loyal Mid-Tier
C01388,6,1,101.34,3,New/Occasional
C01389,3,15,387.08,3,New/Occasional
C01390,122,8,772.54,1,At-Risk
C01391,37,22,2217.49,0,Loyal Mid-Tier
C01392,11,11,694.77,3,New/Occasional
C01393,36,50,4939.17,0,Loyal Mid-Tier
C01394,3,9,462.53,3,New/Occasional
C01395,6,15,405.56,3,New/Occasional
C01396,19,7,642.8,3,New/Occasional
C01397,57,38,11446.99,2,VIP
C01398,24,33,2450.52,0,Loyal Mid-Tier
C01399,15,40,5492.05,0,Loyal Mid-Tier
C01400,85,22,232.51,3,New/Occasional
C01401,22,30,1025.87,0,Loyal Mid-Tier
C01402,28,53,2731.49,0,Loyal Mid-Tier
C01403,32,4,281.65,3,New/Occasional
C01404,99,7,1071.16,3,New/Occasional
C01405,96,11,447.05,3,New/Occasional
C01406,28,6,927.7,3,New/Occasional
C01407,49,22,1534.87,3,New/Occasional
C01408,29,6,333.3,3,New/Occasional
C01409,17,32,2338.89,0,Loyal Mid-Tier
C01410,38,17,7377.4,0,Loyal Mid-Tier
C01411,81,5,481.3,3,New/Occasional
C01412,135,29,1286.2,1,At-Risk
C01413,90,8,209.63,3,New/Occasional
C01414,249,2,30.33,1,At-Risk
C01415,166,10,432.73,1,At-Risk
C01416,5,27,3401.23,0,Loyal Mid-Tier
C01417,86,9,1625.49,3,New/Occasional
C01418,108,17,1236.71,1,At-Risk
C01419,11,11,830.36,3,New/Occasional
C01420,12,27,1420.86,0,Loyal Mid-Tier
C01421,21,7,1278.44,3,New/Occasional
C01422,69,62,5285.0,0,Loyal Mid-Tier
C01423,0,2,132.19,3,New/Occasional
C01424,19,58,3259.87,0,Loyal Mid-Tier
C01425,3,8,1039.48,3,New/Occasional
C01426,46,4,826.61,3,New/Occasional
C01427,17,42,2752.52,0,Loyal Mid-Tier
C01428,31,2,110.53,3,New/Occasional
C01429,50,15,1011.75,3,New/Occasional
C01430,28,3,207.93,3,New/Occasional
C01431,10,7,832.41,3,New/Occasional
C01432,62,9,338.2,3,New/Occasional
C01433,109,3,691.55,1,At-Risk
C01434,22,21,2633.73,0,Loyal Mid-Tier
C01435,74,10,481.26,3,New/Occasional
C01436,10,9,334.68,3,New/Occasional
C01437,14,11,1358.28,3,New/Occasional
C01438,28,10,965.17,3,New/Occasional
C01439,64,17,1241.14,3,New/Occasional
C01440,3,5,338.58,3,New/Occasional
C01441,23,12,554.26,3,New/Occasional
C01442,72,20,3351.3,0,Loyal Mid-Tier
C01443,170,18,490.4,1,At-Risk
C01444,1,2,166.68,3,New/Occasional
C01445,65,2,382.31,3,New/Occasional
C01446,3,2,95.05,3,New/Occasional
C01447,31,2,115.47,3,New/Occasional
C01448,13,6,661.14,3,New/Occasional
C01449,11,1,110.82,3,New/Occasional
C01450,72,53,2416.41,0,Loyal Mid-Tier
C01451,72,4,152.06,3,New/Occasional
C01452,64,11,2922.53,3,New/Occasional
C01453,0,5,104.63,3,New/Occasional
C01454,125,3,243.64,1,At-Risk
C01455,33,25,782.4,3,New/Occasional
C01456,41,17,2199.17,3,New/Occasional
C01457,23,8,482.14,3,New/Occasional
C01458,56,19,924.72,3,New/Occasional
C01459,38,49,4668.27,0,Loyal Mid-Tier
C01460,154,12,851.28,1,At-Risk
C01461,9,11,584.82,3,New/Occasional
C01462,98,3,212.0,3,New/Occasional
C01463,3,1,57.82,3,New/Occasional
C01464,17,18,1887.33,3,New/Occasional
C01465,201,9,99.51,1,At-Risk
C01466,26,27,481.33,3,New/Occasional
C01467,23,38,1710.36,0,Loyal Mid-Tier
C01468,25,2,51.57,3,New/Occasional
C01469,55,57,3039.65,0,Loyal Mid-Tier
C01470,172,3,138.63,1,At-Risk
C01471,174,9,336.92,1,At-Risk
C01472,91,8,3098.66,3,New/Occasional
C01473,5,9,243.99,3,New/Occasional
C01474,45,15,2288.55,3,New/Occasional
C01475,11,1,16.32,3,New/Occasional
C01476,0,21,1195.65,3,New/Occasional
C01477,1,65,2360.57,0,Loyal Mid-Tier
C01478,47,5,563.02,3,New/Occasional
C01479,24,11,602.64,3,New/Occasional
C01480,127,55,1971.68,0,Loyal Mid-Tier
C01481,140,11,496.89,1,At-Risk
C01482,26,1,105.45,3,New/Occasional
C01483,1,23,1772.9,3,New/Occasional
C01484,185,20,2047.42,1,At-Risk
C01485,18,1,75.21,3,New/Occasional
C01486,42,5,342.28,3,New/Occasional
C01487,37,16,1170.68,3,New/Occasional
C01488,46,12,1009.04,3,New/Occasional
C01489,42,9,201.85,3,New/Occasional
C01490,142,17,1650.33,1,At-Risk
C01491,13,7,942.92,3,New/Occasional
C01492,78,2,105.75,3,New/Occasional
C01493,144,22,959.42,1,At-Risk
C01494,110,1,61.39,1,At-Risk
C01495,41,12,1917.05,3,New/Occasional
C01496,31,5,194.67,3,New/Occasional
C01497,80,14,1641.76,3,New/Occasional
C01498,24,10,450.91,3,New/Occasional
C01499,33,10,528.05,3,New/Occasional
C01500,4,1,16.67,3,New/Occasional
C01501,3,8,834.09,3,New/Occasional
C01502,26,1,78.19,3,New/Occasional
C01503,62,19,340.65,3,New/Occasional
C01504,155,9,2865.6,1,At-Risk
C01505,12,2,99.07,3,New/Occasional
C01506,52,4,367.96,3,New/Occasional
C01507,9,17,3003.44,3,New/Occasional
C01508,177,7,550.48,1,At-Risk
C01509,3,26,2033.72,0,Loyal Mid-Tier
C01510,75,70,3837.66,0,Loyal Mid-Tier
C01511,3,8,412.01,3,New/Occasional
C01512,98,1,69.98,3,New/Occasional
C01513,7,11,742.92,3,New/Occasional
C01514,143,11,428.98,1,At-Risk
C01515,65,14,409.38,3,New/Occasional
C01516,87,17,1005.17,3,New/Occasional
C01517,11,22,4965.04,0,Loyal Mid-Tier
C01518,42,1,36.31,3,New/Occasional
C01519,88,2,38.55,3,New/Occasional
C01520,33,5,124.12,3,New/Occasional
C01521,65,8,572.82,3,New/Occasional
C01522,59,13,2210.05,3,New/Occasional
C01523,92,4,109.43,3,New/Occasional
C01524,72,19,1758.34,3,New/Occasional
C01525,18,33,972.56,0,Loyal Mid-Tier
C01526,0,3,350.73,3,New/Occasional
C01527,57,12,1307.48,3,New/Occasional
C01528,22,16,415.29,3,New/Occasional
C01529,37,10,289.86,3,New/Occasional
C01530,72,27,1161.53,0,Loyal Mid-Tier
C01531,0,1,84.49,3,New/Occasional
C01532,85,7,300.43,3,New/Occasional
C01533,57,6,376.66,3,New/Occasional
C01534,22,24,1340.65,3,New/Occasional
C01535,74,29,1761.1,0,Loyal Mid-Tier
C01536,164,1,157.76,1,At-Risk
C01537,48,19,761.22,3,New/Occasional
C01538,5,38,7371.26,0,Loyal Mid-Tier
C01539,44,1,214.23,3,New/Occasional
C01540,79,2,231.74,3,New/Occasional
C01541,58,17,694.22,3,New/Occasional
C01542,28,2,403.93,3,New/Occasional
C01543,18,2,277.67,3,New/Occasional
C01544,34,19,573.55,3,New/Occasional
C01545,0,17,846.69,3,New/Occasional
C01546,31,21,2678.84,0,Loyal Mid-Tier
C01547,57,2,194.67,3,New/Occasional
C01548,44,3,87.61,3,New/Occasional
C01549,130,11,846.48,1,At-Risk
C01550,58,2,177.64,3,New/Occasional
C01551,85,16,211.11,3,New/Occasional
C01552,52,1,28.73,3,New/Occasional
C01553,89,3,332.96,3,New/Occasional
C01554,28,5,320.0,3,New/Occasional
C01555,92,44,3102.8,0,Loyal Mid-Tier
C01556,101,16,1339.14,1,At-Risk
C01557,344,4,378.88,1,At-Risk
C01558,115,36,2648.88,0,Loyal Mid-Tier
C01559,92,2,71.4,3,New/Occasional
C01560,84,28,1829.45,0,Loyal Mid-Tier
C01561,56,25,1213.86,0,Loyal Mid-Tier
C01562,12,5,314.4,3,New/Occasional
C01563,45,4,267.49,3,New/Occasional
C01564,45,5,436.2,3,New/Occasional
C01565,21,3,90.48,3,New/Occasional
C01566,77,5,428.33,3,New/Occasional
C01567,13,20,361.95,3,New/Occasional
C01568,61,1,97.15,3,New/Occasional
C01569,38,5,388.79,3,New/Occasional
C01570,14,8,802.86,3,New/Occasional
C01571,54,3,462.35,3,New/Occasional
C01572,3,42,1641.23,0,Loyal Mid-Tier
C01573,83,71,10290.54,2,VIP
C01574,3,6,404.59,3,New/Occasional
C01575,390,12,778.27,1,At-Risk
C01576,15,2,57.66,3,New/Occasional
C01577,0,19,1356.96,3,New/Occasional
C01578,29,26,3037.74,0,Loyal Mid-Tier
C01579,91,30,2309.43,0,Loyal Mid-Tier
C01580,17,13,427.56,3,New/Occasional
C01581,1,3,300.94,3,New/Occasional
C01582,40,5,277.43,3,New/Occasional
C01583,15,4,85.0,3,New/Occasional
C01584,10,46,2088.97,0,Loyal Mid-Tier
C01585,25,3,269.13,3,New/Occasional
C01586,105,2,287.71,3,New/Occasional
C01587,4,7,336.24,3,New/Occasional
C01588,10,16,1553.44,3,New/Occasional
C01589,165,26,1550.46,1,At-Risk
C01590,10,15,974.8,3,New/Occasional
C01591,108,19,1212.51,1,At-Risk
C01592,5,25,432.76,3,New/Occasional
C01593,57,29,3405.96,0,Loyal Mid-Tier
C01594,15,7,380.94,3,New/Occasional
C01595,74,19,5098.35,0,Loyal Mid-Tier
C01596,106,3,275.94,1,At-Risk
C01597,5,18,1563.41,3,New/Occasional
C01598,68,8,559.39,3,New/Occasional
C01599,78,18,1294.38,3,New/Occasional
C01600,0,46,3044.99,0,Loyal Mid-Tier
C01601,16,8,748.87,3,New/Occasional
C01602,29,15,3413.21,3,New/Occasional
C01603,29,10,553.98,3,New/Occasional
C01604,30,18,1928.43,3,New/Occasional
C01605,30,10,497.42,3,New/Occasional
C01606,20,9,556.12,3,New/Occasional
C01607,87,38,7814.39,2,VIP
C01608,173,5,234.19,1,At-Risk
C01609,82,25,2536.79,0,Loyal Mid-Tier
C01610,96,18,5528.59,0,Loyal Mid-Tier
C01611,9,3,319.43,3,New/Occasional
C01612,55,2,137.87,3,New/Occasional
C01613,28,7,255.58,3,New/Occasional
C01614,33,20,1785.21,3,New/Occasional
C01615,63,16,1785.89,3,New/Occasional
C01616,35,2,180.65,3,New/Occasional
C01617,231,13,980.75,1,At-Risk
C01618,38,8,672.61,3,New/Occasional
C01619,120,43,5410.98,0,Loyal Mid-Tier
C01620,74,10,283.79,3,New/Occasional
C01621,19,7,198.21,3,New/Occasional
C01622,40,23,1140.17,3,New/Occasional
C01623,373,8,1974.51,1,At-Risk
C01624,112,6,121.0,1,At-Risk
C01625,37,21,5852.62,0,Loyal Mid-Tier
C01626,21,7,733.92,3,New/Occasional
C01627,19,4,270.69,3,New/Occasional
C01628,84,32,692.57,0,Loyal Mid-Tier
C01629,27,4,172.15,3,New/Occasional
C01630,2,3,443.5,3,New/Occasional
C01631,205,26,3206.75,1,At-Risk
C01632,130,38,1192.26,0,Loyal Mid-Tier
C01633,20,1,129.73,3,New/Occasional
C01634,98,2,161.59,3,New/Occasional
C01635,54,61,10890.8,2,VIP
C01636,65,3,181.1,3,New/Occasional
C01637,19,2,381.14,3,New/Occasional
C01638,54,37,1516.64,0,Loyal Mid-Tier
C01639,5,9,1209.19,3,New/Occasional
C01640,14,24,3692.77,0,Loyal Mid-Tier
C01641,20,4,567.86,3,New/Occasional
C01642,65,49,1069.05,0,Loyal Mid-Tier
C01643,283,4,400.4,1,At-Risk
C01644,118,7,489.23,1,At-Risk
C01645,100,15,2414.45,1,At-Risk
C01646,11,28,2862.6,0,Loyal Mid-Tier
C01647,52,31,1047.32,0,Loyal Mid-Tier
C01648,53,16,5158.86,0,Loyal Mid-Tier
C01649,36,20,597.95,3,New/Occasional
C01650,82,15,461.75,3,New/Occasional
C01651,189,3,84.18,1,At-Risk
C01652,24,15,874.61,3,New/Occasional
C01653,12,6,568.37,3,New/Occasional
C01654,19,4,167.55,3,New/Occasional
C01655,42,24,713.73,3,New/Occasional
C01656,52,23,1901.3,0,Loyal Mid-Tier
C01657,61,9,505.98,3,New/Occasional
C01658,119,3,393.32,1,At-Risk
C01659,111,11,485.25,1,At-Risk
C01660,7,38,1610.47,0,Loyal Mid-Tier
C01661,118,19,2358.34,1,At-Risk
C01662,16,24,2676.32,0,Loyal Mid-Tier
C01663,4,1,196.68,3,New/Occasional
C01664,17,9,947.31,3,New/Occasional
C01665,11,5,273.22,3,New/Occasional
C01666,27,4,165.61,3,New/Occasional
C01667,17,2,175.47,3,New/Occasional
C01668,34,1,143.8,3,New/Occasional
C01669,31,9,481.03,3,New/Occasional
C01670,6,19,431.11,3,New/Occasional
C01671,74,10,1888.11,3,New/Occasional
C01672,6,2,221.67,3,New/Occasional
C01673,23,2,206.36,3,New/Occasional
C01674,103,27,940.31,1,At-Risk
C01675,74,23,742.55,3,New/Occasional
C01676,69,24,5045.76,0,Loyal Mid-Tier
C01677,111,26,446.25,1,At-Risk
C01678,15,9,1287.33,3,New/Occasional
C01679,89,7,1006.18,3,New/Occasional
C01680,14,8,545.83,3,New/Occasional
C01681,128,11,1471.46,1,At-Risk
C01682,53,27,7789.42,0,Loyal Mid-Tier
C01683,25,14,1029.29,3,New/Occasional
C01684,8,7,975.34,3,New/Occasional
C01685,120,46,3419.82,0,Loyal Mid-Tier
C01686,104,22,5839.94,0,Loyal Mid-Tier
C01687,27,31,1635.61,0,Loyal Mid-Tier
C01688,31,18,7402.43,0,Loyal Mid-Tier
C01689,153,44,3890.88,0,Loyal Mid-Tier
C01690,7,5,582.38,3,New/Occasional
C01691,41,13,370.55,3,New/Occasional
C01692,108,30,2419.14,0,Loyal Mid-Tier
C01693,17,4,126.03,3,New/Occasional
C01694,34,20,3466.92,0,Loyal Mid-Tier
C01695,22,25,3428.75,0,Loyal Mid-Tier
C01696,84,8,216.55,3,New/Occasional
C01697,4,25,1891.24,0,Loyal Mid-Tier
C01698,0,9,725.33,3,New/Occasional
C01699,128,6,1024.1,1,At-Risk
C01700,67,2,68.1,3,New/Occasional
C01701,12,14,903.68,3,New/Occasional
C01702,55,67,2129.73,0,Loyal Mid-Tier
C01703,10,19,849.38,3,New/Occasional
C01704,2,12,814.81,3,New/Occasional
C01705,4,7,256.79,3,New/Occasional
C01706,15,14,3049.26,3,New/Occasional
C01707,122,18,1102.51,1,At-Risk
C01708,70,5,384.54,3,New/Occasional
C01709,115,9,628.3,1,At-Risk
C01710,9,70,2968.39,0,Loyal Mid-Tier
C01711,126,3,186.83,1,At-Risk
C01712,14,18,12088.56,2,VIP
C01713,25,1,52.81,3,New/Occasional
C01714,60,55,1387.99,0,Loyal Mid-Tier
C01715,16,10,455.82,3,New/Occasional
C01716,40,2,173.68,3,New/Occasional
C01717,13,34,1548.63,0,Loyal Mid-Tier
C01718,46,10,570.3,3,New/Occasional
C01719,12,31,3126.92,0,Loyal Mid-Tier
C01720,2,1,97.9,3,New/Occasional
C01721,25,1,86.86,3,New/Occasional
C01722,137,2,210.65,1,At-Risk
C01723,44,16,1240.73,3,New/Occasional
C01724,151,18,2261.48,1,At-Risk
C01725,169,5,566.83,1,At-Risk
C01726,28,23,2356.61,0,Loyal Mid-Tier
C01727,77,3,287.81,3,New/Occasional
C01728,5,1,138.18,3,New/Occasional
C01729,239,15,1260.75,1,At-Risk
C01730,41,1,38.47,3,New/Occasional
C01731,55,15,2072.63,3,New/Occasional
C01732,4,35,1415.27,0,Loyal Mid-Tier
C01733,1,38,3249.12,0,Loyal Mid-Tier
C01734,15,31,4210.64,0,Loyal Mid-Tier
C01735,72,30,1113.29,0,Loyal Mid-Tier
C01736,28,3,121.4,3,New/Occasional
C01737,33,11,426.53,3,New/Occasional
C01738,15,5,422.59,3,New/Occasional
C01739,14,24,3144.95,0,Loyal Mid-Tier
C01740,1,1,117.48,3,New/Occasional
C01741,81,2,266.24,3,New/Occasional
C01742,78,59,2046.58,0,Loyal Mid-Tier
C01743,18,36,2348.81,0,Loyal Mid-Tier
C01744,35,12,3239.49,3,New/Occasional
C01745,3,37,1572.34,0,Loyal Mid-Tier
C01746,14,26,2972.35,0,Loyal Mid-Tier
C01747,142,27,2838.36,1,At-Risk
C01748,113,1,31.64,1,At-Risk
C01749,24,15,1929.83,3,New/Occasional
C01750,61,31,7163.53,0,Loyal Mid-Tier
C01751,104,35,1944.99,0,Loyal Mid-Tier
C01752,21,7,471.79,3,New/Occasional
C01753,88,19,3001.64,0,Loyal Mid-Tier
C01754,55,6,285.28,3,New/Occasional
C01755,82,23,1406.48,3,New/Occasional
C01756,6,24,2125.31,0,Loyal Mid-Tier
C01757,120,17,793.65,1,At-Risk
C01758,88,6,620.03,3,New/Occasional
C01759,200,57,11266.02,2,VIP
C01760,53,13,218.25,3,New/Occasional
C01761,7,3,220.19,3,New/Occasional
C01762,72,4,399.29,3,New/Occasional
C01763,156,23,564.3,1,At-Risk
C01764,8,25,1810.69,0,Loyal Mid-Tier
C01765,236,17,610.47,1,At-Risk
C01766,53,8,206.1,3,New/Occasional
C01767,26,20,1463.9,3,New/Occasional
C01768,67,18,2355.59,3,New/Occasional
C01769,98,34,5846.39,0,Loyal Mid-Tier
C01770,51,13,1510.13,3,New/Occasional
C01771,25,24,1299.65,3,New/Occasional
C01772,175,25,2334.56,1,At-Risk
C01773,119,2,328.28,1,At-Risk
C01774,136,39,1280.98,0,Loyal Mid-Tier
C01775,40,8,95.18,3,New/Occasional
C01776,47,3,1200.95,3,New/Occasional
C01777,74,31,2569.11,0,Loyal Mid-Tier
C01778,0,28,1929.35,0,Loyal Mid-Tier
C01779,12,26,1739.5,0,Loyal Mid-Tier
C01780,69,1,65.11,3,New/Occasional
C01781,0,11,3121.02,3,New/Occasional
C01782,23,17,613.22,3,New/Occasional
C01783,55,7,481.85,3,New/Occasional
C01784,56,11,865.03,3,New/Occasional
C01785,40,2,485.32,3,New/Occasional
C01786,56,19,4715.51,0,Loyal Mid-Tier
C01787,67,20,913.36,3,New/Occasional
C01788,37,14,434.28,3,New/Occasional
C01789,48,17,746.3,3,New/Occasional
C01790,173,16,1464.84,1,At-Risk
C01791,1,6,1003.24,3,New/Occasional
C01792,47,4,796.18,3,New/Occasional
C01793,71,59,4173.77,0,Loyal Mid-Tier
C01794,19,9,156.43,3,New/Occasional
C01795,0,7,183.3,3,New/Occasional
C01796,25,13,1295.47,3,New/Occasional
C01797,82,17,3950.86,0,Loyal Mid-Tier
C01798,4,6,384.49,3,New/Occasional
C01799,0,4,211.68,3,New/Occasional
C01800,9,17,1455.97,3,New/Occasional
C01801,123,18,2150.03,1,At-Risk
C01802,231,27,1834.36,1,At-Risk
C01803,6,14,848.42,3,New/Occasional
C01804,170,2,500.1,1,At-Risk
C01805,60,10,2105.89,3,New/Occasional
C01806,90,10,1071.59,3,New/Occasional
C01807,80,56,1720.58,0,Loyal Mid-Tier
C01808,144,14,7997.8,1,At-Risk
C01809,72,5,216.04,3,New/Occasional
C01810,31,7,488.28,3,New/Occasional
C01811,37,17,3265.05,3,New/Occasional
C01812,35,16,548.89,3,New/Occasional
C01813,103,25,1190.8,1,At-Risk
C01814,27,1,80.44,3,New/Occasional
C01815,18,14,339.01,3,New/Occasional
C01816,225,68,9999.6,2,VIP
C01817,156,7,754.78,1,At-Risk
C01818,96,11,733.79,3,New/Occasional
C01819,20,14,739.95,3,New/Occasional
C01820,148,28,2432.77,1,At-Risk
C01821,35,8,459.01,3,New/Occasional
C01822,58,44,3803.38,0,Loyal Mid-Tier
C01823,445,30,1951.81,1,At-Risk
C01824,63,18,1398.44,3,New/Occasional
C01825,51,1,39.37,3,New/Occasional
C01826,117,12,530.06,1,At-Risk
C01827,2,9,1206.77,3,New/Occasional
C01828,37,10,2201.82,3,New/Occasional
C01829,7,14,1464.0,3,New/Occasional
C01830,50,16,4070.19,0,Loyal Mid-Tier
C01831,2,19,699.57,3,New/Occasional
C01832,164,2,42.09,1,At-Risk
C01833,29,25,941.0,3,New/Occasional
C01834,36,17,1004.34,3,New/Occasional
C01835,41,10,600.79,3,New/Occasional
C01836,5,39,2354.34,0,Loyal Mid-Tier
C01837,5,11,182.92,3,New/Occasional
C01838,0,12,352.46,3,New/Occasional
C01839,46,6,511.95,3,New/Occasional
C01840,23,1,113.29,3,New/Occasional
C01841,76,37,4401.26,0,Loyal Mid-Tier
C01842,131,5,550.1,1,At-Risk
C01843,69,24,714.47,3,New/Occasional
C01844,15,25,1957.82,0,Loyal Mid-Tier
C01845,31,15,259.67,3,New/Occasional
C01846,114,33,3358.69,0,Loyal Mid-Tier
C01847,50,2,57.49,3,New/Occasional
C01848,5,9,443.07,3,New/Occasional
C01849,2,17,289.95,3,New/Occasional
C01850,3,7,231.97,3,New/Occasional
C01851,27,1,92.13,3,New/Occasional
C01852,3,15,2014.68,3,New/Occasional
C01853,157,8,1067.75,1,At-Risk
C01854,22,21,1476.1,3,New/Occasional
C01855,55,5,270.81,3,New/Occasional
C01856,14,33,4657.79,0,Loyal Mid-Tier
C01857,101,44,2221.79,0,Loyal Mid-Tier
C01858,22,17,4373.48,0,Loyal Mid-Tier
C01859,35,1,113.76,3,New/Occasional
C01860,51,10,149.58,3,New/Occasional
C01861,3,16,1300.65,3,New/Occasional
C01862,3,6,222.9,3,New/Occasional
C01863,22,18,1187.08,3,New/Occasional
C01864,45,11,367.88,3,New/Occasional
C01865,27,27,2999.56,0,Loyal Mid-Tier
C01866,12,22,715.29,3,New/Occasional
C01867,11,26,1394.79,0,Loyal Mid-Tier
C01868,23,36,3778.24,0,Loyal Mid-Tier
C01869,11,27,1274.2,0,Loyal Mid-Tier
C01870,193,14,385.39,1,At-Risk
C01871,7,9,2169.2,3,New/Occasional
C01872,36,15,2290.21,3,New/Occasional
C01873,49,6,650.39,3,New/Occasional
C01874,61,10,272.15,3,New/Occasional
C01875,93,4,168.36,3,New/Occasional
C01876,0,1,27.39,3,New/Occasional
C01877,111,4,213.41,1,At-Risk
C01878,68,15,1715.36,3,New/Occasional
C01879,8,7,635.41,3,New/Occasional
C01880,11,33,5108.67,0,Loyal Mid-Tier
C01881,35,15,1727.65,3,New/Occasional
C01882,14,16,483.99,3,New/Occasional
C01883,14,31,2592.86,0,Loyal Mid-Tier
C01884,109,6,509.95,1,At-Risk
C01885,7,3,74.42,3,New/Occasional
C01886,146,14,1829.06,1,At-Risk
C01887,6,41,2084.71,0,Loyal Mid-Tier
C01888,118,34,4206.77,0,Loyal Mid-Tier
C01889,3,30,1910.74,0,Loyal Mid-Tier
C01890,21,38,1759.6,0,Loyal Mid-Tier
C01891,40,13,380.86,3,New/Occasional
C01892,11,50,2458.3,0,Loyal Mid-Tier
C01893,62,26,5383.02,0,Loyal Mid-Tier
C01894,17,9,254.18,3,New/Occasional
C01895,306,32,577.7,1,At-Risk
C01896,73,16,1210.05,3,New/Occasional
C01897,82,13,955.33,3,New/Occasional
C01898,190,11,463.88,1,At-Risk
C01899,0,8,1398.0,3,New/Occasional
C01900,33,17,2083.0,3,New/Occasional
C01901,32,53,4063.34,0,Loyal Mid-Tier
C01902,64,7,215.75,3,New/Occasional
C01903,52,9,629.74,3,New/Occasional
C01904,8,17,1418.29,3,New/Occasional
C01905,322,77,11528.78,2,VIP
C01906,11,35,3630.91,0,Loyal Mid-Tier
C01907,110,12,1090.45,1,At-Risk
C01908,64,14,1665.25,3,New/Occasional
C01909,49,28,1384.77,0,Loyal Mid-Tier
C01910,110,6,918.28,1,At-Risk
C01911,58,2,302.12,3,New/Occasional
C01912,114,9,324.16,1,At-Risk
C01913,13,29,2833.71,0,Loyal Mid-Tier
C01914,37,29,3019.38,0,Loyal Mid-Tier
C01915,37,3,559.86,3,New/Occasional
C01916,51,30,1073.67,0,Loyal Mid-Tier
C01917,65,21,877.53,3,New/Occasional
C01918,47,14,617.19,3,New/Occasional
C01919,31,12,1787.51,3,New/Occasional
C01920,31,14,737.06,3,New/Occasional
C01921,14,8,631.09,3,New/Occasional
C01922,30,14,702.35,3,New/Occasional
C01923,15,9,327.67,3,New/Occasional
C01924,32,2,506.08,3,New/Occasional
C01925,75,3,153.74,3,New/Occasional
C01926,147,31,1057.49,1,At-Risk
C01927,88,13,1117.04,3,New/Occasional
C01928,135,17,1198.28,1,At-Risk
C01929,2,12,1597.86,3,New/Occasional
C01930,19,15,2210.45,3,New/Occasional
C01931,2,4,102.06,3,New/Occasional
C01932,12,7,1910.43,3,New/Occasional
C01933,36,48,1135.16,0,Loyal Mid-Tier
C01934,26,30,15868.42,2,VIP
C01935,21,17,895.64,3,New/Occasional
C01936,1,11,495.11,3,New/Occasional
C01937,50,12,3156.61,3,New/Occasional
C01938,39,24,2067.55,0,Loyal Mid-Tier
C01939,11,29,1365.1,0,Loyal Mid-Tier
C01940,83,12,474.54,3,New/Occasional
C01941,6,1,32.98,3,New/Occasional
C01942,86,22,2937.34,0,Loyal Mid-Tier
C01943,16,4,982.2,3,New/Occasional
C01944,69,1,74.42,3,New/Occasional
C01945,38,11,411.43,3,New/Occasional
C01946,1,10,472.84,3,New/Occasional
C01947,65,10,1027.28,3,New/Occasional
C01948,83,10,481.79,3,New/Occasional
C01949,9,5,226.87,3,New/Occasional
C01950,17,8,97.6,3,New/Occasional
C01951,121,3,413.18,1,At-Risk
C01952,6,14,1360.66,3,New/Occasional
C01953,24,48,7137.91,0,Loyal Mid-Tier
C01954,57,35,2379.41,0,Loyal Mid-Tier
C01955,49,9,350.73,3,New/Occasional
C01956,31,3,493.2,3,New/Occasional
C01957,15,65,14798.39,2,VIP
C01958,41,4,362.8,3,New/Occasional
C01959,14,8,499.3,3,New/Occasional
C01960,60,4,233.3,3,New/Occasional
C01961,10,19,3958.43,0,Loyal Mid-Tier
C01962,52,6,1088.2,3,New/Occasional
C01963,7,12,898.99,3,New/Occasional
C01964,63,9,436.47,3,New/Occasional
C01965,57,13,1141.69,3,New/Occasional
C01966,51,18,624.7,3,New/Occasional
C01967,78,4,400.79,3,New/Occasional
C01968,32,24,5322.43,0,Loyal Mid-Tier
C01969,2,6,143.13,3,New/Occasional
C01970,11,5,591.7,3,New/Occasional
C01971,13,5,577.3,3,New/Occasional
C01972,96,41,23959.99,2,VIP
C01973,69,7,299.08,3,New/Occasional
C01974,9,16,7440.19,0,Loyal Mid-Tier
C01975,13,13,1793.71,3,New/Occasional
C01976,9,21,3988.67,0,Loyal Mid-Tier
C01977,88,3,74.66,3,New/Occasional
C01978,50,3,89.6,3,New/Occasional
C01979,64,43,1170.51,0,Loyal Mid-Tier
C01980,106,9,677.41,1,At-Risk
C01981,1,9,174.68,3,New/Occasional
C01982,122,27,1843.81,1,At-Risk
C01983,37,4,335.71,3,New/Occasional
C01984,119,9,460.32,1,At-Risk
C01985,21,15,1248.13,3,New/Occasional
C01986,30,16,633.48,3,New/Occasional
C01987,116,4,406.48,1,At-Risk
C01988,131,9,1106.27,1,At-Risk
C01989,2,17,668.88,3,New/Occasional
C01990,255,30,3524.59,1,At-Risk
C01991,12,15,372.63,3,New/Occasional
C01992,36,11,2159.73,3,New/Occasional
C01993,150,4,768.17,1,At-Risk
C01994,8,25,2240.06,0,Loyal Mid-Tier
C01995,39,22,3498.28,0,Loyal Mid-Tier
C01996,71,35,1965.81,0,Loyal Mid-Tier
C01997,104,52,3797.37,0,Loyal Mid-Tier
C01998,9,38,2219.85,0,Loyal Mid-Tier
C01999,12,3,163.0,3,New/Occasional
C02000,42,31,758.41,0,Loyal Mid-Tier
C02001,36,21,1257.28,3,New/Occasional
C02002,12,7,176.17,3,New/Occasional
C02003,106,8,1199.36,1,At-Risk
C02004,1,6,236.11,3,New/Occasional
C02005,101,7,340.95,3,New/Occasional
C02006,6,1,75.19,3,New/Occasional
C02007,47,10,2061.73,3,New/Occasional
C02008,28,8,1139.06,3,New/Occasional
C02009,34,7,1003.09,3,New/Occasional
C02010,89,26,1042.49,0,Loyal Mid-Tier
C02011,154,20,817.41,1,At-Risk
C02012,87,3,126.33,3,New/Occasional
C02013,77,2,72.34,3,New/Occasional
C02014,38,19,5163.86,0,Loyal Mid-Tier
C02015,367,8,2319.95,1,At-Risk
C02016,33,2,77.73,3,New/Occasional
C02017,6,21,897.07,3,New/Occasional
C02018,63,20,1512.12,3,New/Occasional
C02019,32,1,38.05,3,New/Occasional
C02020,56,65,6126.81,0,Loyal Mid-Tier
C02021,105,37,2752.6,0,Loyal Mid-Tier
C02022,11,37,2314.79,0,Loyal Mid-Tier
C02023,3,3,702.07,3,New/Occasional
C02024,111,11,1551.19,1,At-Risk
C02025,94,3,780.9,3,New/Occasional
C02026,71,6,847.0,3,New/Occasional
C02027,148,9,806.75,1,At-Risk
C02028,9,38,3135.18,0,Loyal Mid-Tier
C02029,69,6,398.03,3,New/Occasional
C02030,148,22,2428.23,1,At-Risk
C02031,46,7,78.8,3,New/Occasional
C02032,20,17,364.48,3,New/Occasional
C02033,97,1,42.12,3,New/Occasional
C02034,65,33,3501.34,0,Loyal Mid-Tier
C02035,162,17,3634.08,1,At-Risk
C02036,3,60,2684.15,0,Loyal Mid-Tier
C02037,53,7,1362.01,3,New/Occasional
C02038,57,22,493.37,3,New/Occasional
C02039,26,15,1080.46,3,New/Occasional
C02040,58,18,4173.38,0,Loyal Mid-Tier
C02041,0,3,1148.88,3,New/Occasional
C02042,104,5,549.47,1,At-Risk
C02043,6,15,1694.84,3,New/Occasional
C02044,22,5,168.51,3,New/Occasional
C02045,107,2,47.02,1,At-Risk
C02046,70,20,1538.64,3,New/Occasional
C02047,38,6,788.65,3,New/Occasional
C02048,5,7,139.71,3,New/Occasional
C02049,15,20,877.83,3,New/Occasional
C02050,170,44,2095.24,0,Loyal Mid-Tier
C02051,22,2,104.57,3,New/Occasional
C02052,173,5,389.42,1,At-Risk
C02053,145,2,403.49,1,At-Risk
C02054,83,16,1383.18,3,New/Occasional
C02055,3,13,3534.59,3,New/Occasional
C02056,106,20,722.79,1,At-Risk
C02057,117,16,2982.01,1,At-Risk
C02058,9,35,938.58,0,Loyal Mid-Tier
C02059,3,3,657.81,3,New/Occasional
C02060,15,36,9514.31,2,VIP
C02061,22,3,107.71,3,New/Occasional
C02062,31,7,370.53,3,New/Occasional
C02063,169,1,189.12,1,At-Risk
C02064,54,9,1763.53,3,New/Occasional
C02065,59,10,1406.21,3,New/Occasional
C02066,75,7,795.37,3,New/Occasional
C02067,2,1,53.92,3,New/Occasional
C02068,172,17,1504.33,1,At-Risk
C02069,20,7,490.9,3,New/Occasional
C02070,78,17,2499.66,3,New/Occasional
C02071,175,9,881.05,1,At-Risk
C02072,58,10,2694.58,3,New/Occasional
C02073,21,9,1013.92,3,New/Occasional
C02074,67,24,2150.29,0,Loyal Mid-Tier
C02075,157,4,283.21,1,At-Risk
C02076,23,4,535.51,3,New/Occasional
C02077,9,17,590.82,3,New/Occasional
C02078,166,11,1169.89,1,At-Risk
C02079,125,20,1751.59,1,At-Risk
C02080,88,9,662.5,3,New/Occasional
C02081,105,17,1778.98,1,At-Risk
C02082,53,3,132.93,3,New/Occasional
C02083,35,20,818.49,3,New/Occasional
C02084,6,11,1452.38,3,New/Occasional
C02085,90,8,577.68,3,New/Occasional
C02086,20,3,81.74,3,New/Occasional
C02087,1,24,1228.88,3,New/Occasional
C02088,42,29,695.73,0,Loyal Mid-Tier
C02089,100,25,3217.2,0,Loyal Mid-Tier
C02090,19,13,2802.49,3,New/Occasional
C02091,115,2,143.08,1,At-Risk
C02092,21,16,1191.45,3,New/Occasional
C02093,15,23,4087.58,0,Loyal Mid-Tier
C02094,97,29,2509.77,0,Loyal Mid-Tier
C02095,26,25,3932.92,0,Loyal Mid-Tier
C02096,17,50,4389.56,0,Loyal Mid-Tier
C02097,68,7,283.53,3,New/Occasional
C02098,89,14,481.95,3,New/Occasional
C02099,313,1,25.73,1,At-Risk
C02100,4,29,4962.86,0,Loyal Mid-Tier
C02101,29,28,6167.57,0,Loyal Mid-Tier
C02102,149,17,825.97,1,At-Risk
C02103,1,29,4542.88,0,Loyal Mid-Tier
C02104,171,10,515.22,1,At-Risk
C02105,30,1,105.69,3,New/Occasional
C02106,53,12,1212.23,3,New/Occasional
C02107,225,2,203.38,1,At-Risk
C02108,11,1,126.73,3,New/Occasional
C02109,155,55,3489.89,0,Loyal Mid-Tier
C02110,31,16,561.88,3,New/Occasional
C02111,41,7,641.07,3,New/Occasional
C02112,453,2,160.3,1,At-Risk
C02113,15,30,11166.65,2,VIP
C02114,29,15,7558.02,0,Loyal Mid-Tier
C02115,107,5,349.0,1,At-Risk
C02116,16,3,151.64,3,New/Occasional
C02117,16,9,424.7,3,New/Occasional
C02118,41,21,1087.73,3,New/Occasional
C02119,3,8,551.63,3,New/Occasional
C02120,0,11,538.56,3,New/Occasional
C02121,107,13,1049.48,1,At-Risk
C02122,81,7,662.69,3,New/Occasional
C02123,127,24,1387.31,1,At-Risk
C02124,115,2,124.06,1,At-Risk
C02125,8,11,2572.88,3,New/Occasional
C02126,180,26,1039.23,1,At-Risk
C02127,7,51,6020.25,0,Loyal Mid-Tier
C02128,68,1,48.23,3,New/Occasional
C02129,64,17,1389.78,3,New/Occasional
C02130,72,11,2157.2,3,New/Occasional
C02131,95,15,461.74,3,New/Occasional
C02132,30,73,5232.79,0,Loyal Mid-Tier
C02133,176,14,2781.46,1,At-Risk
C02134,344,12,629.11,1,At-Risk
C02135,47,3,155.11,3,New/Occasional
C02136,46,14,1722.77,3,New/Occasional
C02137,9,14,942.87,3,New/Occasional
C02138,23,13,1540.09,3,New/Occasional
C02139,27,10,712.75,3,New/Occasional
C02140,73,70,5388.14,0,Loyal Mid-Tier
C02141,67,10,817.58,3,New/Occasional
C02142,36,20,2057.21,3,New/Occasional
C02143,136,18,1384.25,1,At-Risk
C02144,33,24,248.05,3,New/Occasional
C02145,9,12,297.13,3,New/Occasional
C02146,80,6,244.75,3,New/Occasional
C02147,8,8,1514.47,3,New/Occasional
C02148,261,22,1765.5,1,At-Risk
C02149,12,2,198.59,3,New/Occasional
C02150,56,53,9344.82,2,VIP
C02151,20,7,507.1,3,New/Occasional
C02152,267,1,80.96,1,At-Risk
C02153,0,36,4378.54,0,Loyal Mid-Tier
C02154,12,12,997.5,3,New/Occasional
C02155,123,16,1349.31,1,At-Risk
C02156,12,10,1397.92,3,New/Occasional
C02157,188,4,369.3,1,At-Risk
C02158,42,2,193.22,3,New/Occasional
C02159,88,22,1877.18,0,Loyal Mid-Tier
C02160,21,2,271.95,3,New/Occasional
C02161,3,7,298.77,3,New/Occasional
C02162,141,28,1676.0,1,At-Risk
C02163,10,25,1372.15,3,New/Occasional
C02164,185,3,119.11,1,At-Risk
C02165,2,15,634.26,3,New/Occasional
C02166,71,29,1136.11,0,Loyal Mid-Tier
C02167,63,8,561.39,3,New/Occasional
C02168,35,11,2468.17,3,New/Occasional
C02169,0,3,241.97,3,New/Occasional
C02170,0,17,755.87,3,New/Occasional
C02171,12,21,1117.14,3,New/Occasional
C02172,37,14,672.02,3,New/Occasional
C02173,77,6,519.97,3,New/Occasional
C02174,21,25,3927.78,0,Loyal Mid-Tier
C02175,6,54,3190.62,0,Loyal Mid-Tier
C02176,77,23,2760.23,0,Loyal Mid-Tier
C02177,50,7,411.33,3,New/Occasional
C02178,87,15,1209.34,3,New/Occasional
C02179,147,36,1714.71,1,At-Risk
C02180,2,5,258.98,3,New/Occasional
C02181,18,13,1341.33,3,New/Occasional
C02182,86,19,885.55,3,New/Occasional
C02183,0,10,1826.03,3,New/Occasional
C02184,41,4,380.69,3,New/Occasional
C02185,47,10,161.0,3,New/Occasional
C02186,41,11,1719.57,3,New/Occasional
C02187,14,10,923.38,3,New/Occasional
C02188,43,4,246.55,3,New/Occasional
C02189,3,24,557.28,3,New/Occasional
C02190,114,1,60.91,1,At-Risk
C02191,118,5,1125.84,1,At-Risk
C02192,41,28,9062.25,2,VIP
C02193,84,5,1518.37,3,New/Occasional
C02194,45,4,578.58,3,New/Occasional
C02195,86,6,580.06,3,New/Occasional
C02196,216,55,4919.37,0,Loyal Mid-Tier
C02197,8,18,961.45,3,New/Occasional
C02198,29,9,273.86,3,New/Occasional
C02199,12,1,112.54,3,New/Occasional
C02200,39,29,2063.1,0,Loyal Mid-Tier
C02201,33,12,838.93,3,New/Occasional
C02202,5,24,1195.25,3,New/Occasional
C02203,92,29,2000.9,0,Loyal Mid-Tier
C02204,75,4,523.03,3,New/Occasional
C02205,28,19,3715.65,0,Loyal Mid-Tier
C02206,128,3,498.77,1,At-Risk
C02207,41,6,305.81,3,New/Occasional
C02208,259,15,1334.85,1,At-Risk
C02209,8,43,9957.19,2,VIP
C02210,71,13,1884.98,3,New/Occasional
C02211,70,6,107.91,3,New/Occasional
C02212,15,27,3424.72,0,Loyal Mid-Tier
C02213,1,77,4259.16,0,Loyal Mid-Tier
C02214,176,5,177.19,1,At-Risk
C02215,161,6,2037.56,1,At-Risk
C02216,163,11,2795.35,1,At-Risk
C02217,12,25,1180.12,3,New/Occasional
C02218,8,3,407.76,3,New/Occasional
C02219,11,5,312.88,3,New/Occasional
C02220,49,10,595.57,3,New/Occasional
C02221,37,25,3077.47,0,Loyal Mid-Tier
C02222,170,6,413.75,1,At-Risk
C02223,49,2,146.42,3,New/Occasional
C02224,5,4,207.06,3,New/Occasional
C02225,50,13,696.21,3,New/Occasional
C02226,68,21,1641.52,3,New/Occasional
C02227,26,7,1056.77,3,New/Occasional
C02228,53,9,205.52,3,New/Occasional
C02229,24,4,136.41,3,New/Occasional
C02230,43,14,723.95,3,New/Occasional
C02231,9,10,643.24,3,New/Occasional
C02232,18,3,548.41,3,New/Occasional
C02233,30,67,19756.94,2,VIP
C02234,11,29,3779.64,0,Loyal Mid-Tier
C02235,90,3,469.46,3,New/Occasional
C02236,156,14,2648.97,1,At-Risk
C02237,114,7,860.24,1,At-Risk
C02238,21,12,1221.57,3,New/Occasional
C02239,41,64,4249.59,0,Loyal Mid-Tier
C02240,63,3,276.67,3,New/Occasional
C02241,0,4,374.09,3,New/Occasional
C02242,179,9,630.29,1,At-Risk
C02243,12,11,639.69,3,New/Occasional
C02244,92,3,80.73,3,New/Occasional
C02245,8,11,1462.25,3,New/Occasional
C02246,107,4,481.55,1,At-Risk
C02247,101,6,646.64,3,New/Occasional
C02248,53,14,130.75,3,New/Occasional
C02249,102,5,191.72,3,New/Occasional
C02250,31,11,809.93,3,New/Occasional
C02251,113,36,3386.62,0,Loyal Mid-Tier
C02252,175,8,1383.88,1,At-Risk
C02253,55,56,2389.84,0,Loyal Mid-Tier
C02254,92,35,3416.27,0,Loyal Mid-Tier
C02255,50,2,60.3,3,New/Occasional
C02256,20,36,6471.12,0,Loyal Mid-Tier
C02257,1,22,3861.55,0,Loyal Mid-Tier
C02258,36,8,738.41,3,New/Occasional
C02259,99,40,5649.3,0,Loyal Mid-Tier
C02260,93,32,1887.18,0,Loyal Mid-Tier
C02261,55,3,763.98,3,New/Occasional
C02262,54,6,697.62,3,New/Occasional
C02263,24,32,1205.51,0,Loyal Mid-Tier
C02264,91,6,459.51,3,New/Occasional
C02265,200,6,788.16,1,At-Risk
C02266,25,5,487.03,3,New/Occasional
C02267,29,34,2470.68,0,Loyal Mid-Tier
C02268,93,5,1556.83,3,New/Occasional
C02269,40,2,316.31,3,New/Occasional
C02270,13,8,1067.12,3,New/Occasional
C02271,61,40,1464.89,0,Loyal Mid-Tier
C02272,48,30,1802.14,0,Loyal Mid-Tier
C02273,44,2,89.77,3,New/Occasional
C02274,32,2,94.83,3,New/Occasional
C02275,15,14,2607.42,3,New/Occasional
C02276,36,52,3553.6,0,Loyal Mid-Tier
C02277,36,17,612.87,3,New/Occasional
C02278,80,11,801.32,3,New/Occasional
C02279,57,14,1139.9,3,New/Occasional
C02280,1,33,6707.81,0,Loyal Mid-Tier
C02281,89,10,1239.78,3,New/Occasional
C02282,7,2,283.93,3,New/Occasional
C02283,98,9,1331.0,3,New/Occasional
C02284,17,17,2145.3,3,New/Occasional
C02285,8,39,1450.43,0,Loyal Mid-Tier
C02286,15,21,1516.28,3,New/Occasional
C02287,99,29,1634.87,0,Loyal Mid-Tier
C02288,69,2,68.47,3,New/Occasional
C02289,54,1,169.27,3,New/Occasional
C02290,11,5,403.73,3,New/Occasional
C02291,45,5,334.21,3,New/Occasional
C02292,23,8,956.87,3,New/Occasional
C02293,52,8,1466.72,3,New/Occasional
C02294,9,30,4247.31,0,Loyal Mid-Tier
C02295,92,5,134.06,3,New/Occasional
C02296,41,51,1009.01,0,Loyal Mid-Tier
C02297,46,10,447.11,3,New/Occasional
C02298,9,8,479.41,3,New/Occasional
C02299,37,2,75.16,3,New/Occasional
C02300,75,28,910.84,0,Loyal Mid-Tier
C02301,236,2,238.52,1,At-Risk
C02302,158,1,337.73,1,At-Risk
C02303,99,6,179.59,3,New/Occasional
C02304,26,3,105.8,3,New/Occasional
C02305,55,44,9474.57,2,VIP
C02306,340,12,478.04,1,At-Risk
C02307,34,12,462.44,3,New/Occasional
C02308,7,55,1701.28,0,Loyal Mid-Tier
C02309,49,4,291.68,3,New/Occasional
C02310,24,3,147.15,3,New/Occasional
C02311,55,36,1113.55,0,Loyal Mid-Tier
C02312,26,21,7658.76,0,Loyal Mid-Tier
C02313,11,19,1034.65,3,New/Occasional
C02314,75,6,228.29,3,New/Occasional
C02315,65,21,2995.88,0,Loyal Mid-Tier
C02316,45,7,190.5,3,New/Occasional
C02317,131,4,454.18,1,At-Risk
C02318,21,3,902.92,3,New/Occasional
C02319,33,18,2744.51,3,New/Occasional
C02320,79,24,2081.13,0,Loyal Mid-Tier
C02321,34,39,3290.21,0,Loyal Mid-Tier
C02322,8,26,5394.47,0,Loyal Mid-Tier
C02323,16,16,1543.34,3,New/Occasional
C02324,10,14,3384.87,3,New/Occasional
C02325,48,2,89.09,3,New/Occasional
C02326,95,12,571.36,3,New/Occasional
C02327,88,65,5767.31,0,Loyal Mid-Tier
C02328,5,13,1334.77,3,New/Occasional
C02329,120,2,111.43,1,At-Risk
C02330,16,37,1705.93,0,Loyal Mid-Tier
C02331,47,41,3203.34,0,Loyal Mid-Tier
C02332,19,15,3007.37,3,New/Occasional
C02333,64,12,362.57,3,New/Occasional
C02334,17,29,520.12,0,Loyal Mid-Tier
C02335,29,7,329.81,3,New/Occasional
C02336,76,17,1562.75,3,New/Occasional
C02337,300,8,171.1,1,At-Risk
C02338,21,10,579.06,3,New/Occasional
C02339,6,19,1291.02,3,New/Occasional
C02340,54,6,350.15,3,New/Occasional
C02341,60,25,331.84,3,New/Occasional
C02342,19,28,3186.09,0,Loyal Mid-Tier
C02343,104,53,2134.85,0,Loyal Mid-Tier
C02344,43,3,580.86,3,New/Occasional
C02345,0,26,4859.07,0,Loyal Mid-Tier
C02346,90,42,1601.21,0,Loyal Mid-Tier
C02347,153,17,442.92,1,At-Risk
C02348,83,9,1178.65,3,New/Occasional
C02349,142,72,16026.27,2,VIP
C02350,63,5,845.69,3,New/Occasional
C02351,74,9,332.95,3,New/Occasional
C02352,1,22,890.08,3,New/Occasional
C02353,1,45,2317.41,0,Loyal Mid-Tier
C02354,72,37,2346.77,0,Loyal Mid-Tier
C02355,44,14,1057.69,3,New/Occasional
C02356,19,19,9439.09,2,VIP
C02357,132,13,1483.26,1,At-Risk
C02358,26,12,566.52,3,New/Occasional
C02359,34,46,1202.57,0,Loyal Mid-Tier
C02360,61,25,1528.06,0,Loyal Mid-Tier
C02361,62,13,600.11,3,New/Occasional
C02362,58,27,2213.16,0,Loyal Mid-Tier
C02363,1,4,236.53,3,New/Occasional
C02364,29,14,1384.78,3,New/Occasional
C02365,120,35,2930.96,0,Loyal Mid-Tier
C02366,27,3,169.87,3,New/Occasional
C02367,81,17,1121.45,3,New/Occasional
C02368,52,3,87.7,3,New/Occasional
C02369,12,17,569.34,3,New/Occasional
C02370,5,22,4287.17,0,Loyal Mid-Tier
C02371,80,4,1192.0,3,New/Occasional
C02372,45,2,35.13,3,New/Occasional
C02373,4,1,161.61,3,New/Occasional
C02374,158,1,168.86,1,At-Risk
C02375,148,14,3151.76,1,At-Risk
C02376,78,75,3926.48,0,Loyal Mid-Tier
C02377,184,1,63.98,1,At-Risk
C02378,11,34,1523.99,0,Loyal Mid-Tier
C02379,10,7,2000.46,3,New/Occasional
C02380,143,49,7027.56,2,VIP
C02381,40,5,325.77,3,New/Occasional
C02382,9,18,896.25,3,New/Occasional
C02383,88,25,1139.74,0,Loyal Mid-Tier
C02384,47,2,151.88,3,New/Occasional
C02385,38,6,511.72,3,New/Occasional
C02386,44,4,89.03,3,New/Occasional
C02387,24,7,810.04,3,New/Occasional
C02388,42,11,914.4,3,New/Occasional
C02389,101,6,475.98,3,New/Occasional
C02390,66,4,157.99,3,New/Occasional
C02391,99,8,1856.34,3,New/Occasional
C02392,189,3,109.34,1,At-Risk
C02393,78,16,688.61,3,New/Occasional
C02394,106,16,1730.61,1,At-Risk
C02395,63,14,502.78,3,New/Occasional
C02396,9,14,1253.85,3,New/Occasional
C02397,19,7,598.44,3,New/Occasional
C02398,38,14,719.84,3,New/Occasional
C02399,146,18,596.23,1,At-Risk
C02400,134,31,2216.7,1,At-Risk
C02401,56,32,9546.02,2,VIP
C02402,182,17,1321.58,1,At-Risk
C02403,408,1,72.35,1,At-Risk
C02404,40,29,993.08,0,Loyal Mid-Tier
C02405,90,8,1050.07,3,New/Occasional
C02406,60,16,1265.16,3,New/Occasional
C02407,144,11,702.25,1,At-Risk
C02408,39,21,1294.6,3,New/Occasional
C02409,46,2,152.3,3,New/Occasional
C02410,9,13,656.25,3,New/Occasional
C02411,51,26,1738.54,0,Loyal Mid-Tier
C02412,5,25,3365.46,0,Loyal Mid-Tier
C02413,0,3,350.55,3,New/Occasional
C02414,50,27,2662.0,0,Loyal Mid-Tier
C02415,33,14,664.51,3,New/Occasional
C02416,391,3,296.64,1,At-Risk
C02417,96,15,984.19,3,New/Occasional
C02418,46,9,1389.73,3,New/Occasional
C02419,219,3,186.33,1,At-Risk
C02420,0,8,354.89,3,New/Occasional
C02421,92,11,504.14,3,New/Occasional
C02422,31,5,310.86,3,New/Occasional
C02423,30,6,284.02,3,New/Occasional
C02424,20,1,68.47,3,New/Occasional
C02425,215,6,168.14,1,At-Risk
C02426,97,36,3930.38,0,Loyal Mid-Tier
C02427,2,4,186.0,3,New/Occasional
C02428,18,42,502.96,0,Loyal Mid-Tier
C02429,9,27,326.02,3,New/Occasional
C02430,19,24,1638.97,0,Loyal Mid-Tier
C02431,8,5,841.33,3,New/Occasional
C02432,59,11,1904.61,3,New/Occasional
C02433,56,3,138.65,3,New/Occasional
C02434,37,18,1478.18,3,New/Occasional
C02435,1,35,3344.18,0,Loyal Mid-Tier
C02436,12,15,3528.46,3,New/Occasional
C02437,24,22,2735.67,0,Loyal Mid-Tier
C02438,38,22,626.5,3,New/Occasional
C02439,108,22,4422.63,0,Loyal Mid-Tier
C02440,5,31,1459.05,0,Loyal Mid-Tier
C02441,6,8,639.44,3,New/Occasional
C02442,6,2,160.08,3,New/Occasional
C02443,33,4,238.74,3,New/Occasional
C02444,95,23,3238.27,0,Loyal Mid-Tier
C02445,2,28,903.98,0,Loyal Mid-Tier
C02446,35,3,496.01,3,New/Occasional
C02447,19,16,1487.31,3,New/Occasional
C02448,18,18,1179.93,3,New/Occasional
C02449,13,24,1816.35,0,Loyal Mid-Tier
C02450,60,13,424.12,3,New/Occasional
C02451,54,38,1265.27,0,Loyal Mid-Tier
C02452,19,20,1859.09,3,New/Occasional
C02453,111,8,444.4,1,At-Risk
C02454,37,45,3318.3,0,Loyal Mid-Tier
C02455,26,33,928.6,0,Loyal Mid-Tier
C02456,69,27,965.0,0,Loyal Mid-Tier
C02457,4,10,532.78,3,New/Occasional
C02458,44,79,9648.88,2,VIP
C02459,4,42,1483.66,0,Loyal Mid-Tier
C02460,71,3,134.64,3,New/Occasional
C02461,117,2,194.13,1,At-Risk
C02462,3,20,328.6,3,New/Occasional
C02463,13,2,504.86,3,New/Occasional
C02464,171,22,910.75,1,At-Risk
C02465,66,2,264.92,3,New/Occasional
C02466,9,8,168.77,3,New/Occasional
C02467,78,10,2175.09,3,New/Occasional
C02468,7,10,204.38,3,New/Occasional
C02469,41,18,1675.4,3,New/Occasional
C02470,36,1,294.99,3,New/Occasional
C02471,148,2,536.19,1,At-Risk
C02472,86,11,932.78,3,New/Occasional
C02473,14,5,215.52,3,New/Occasional
C02474,58,21,1764.72,3,New/Occasional
C02475,214,16,3278.24,1,At-Risk
C02476,119,1,35.06,1,At-Risk
C02477,43,14,584.67,3,New/Occasional
C02478,71,5,535.41,3,New/Occasional
C02479,50,9,461.59,3,New/Occasional
C02480,82,16,1665.68,3,New/Occasional
C02481,131,8,564.78,1,At-Risk
C02482,174,5,285.89,1,At-Risk
C02483,72,1,46.1,3,New/Occasional
C02484,15,1,163.35,3,New/Occasional
C02485,2,13,1087.96,3,New/Occasional
C02486,86,22,404.76,3,New/Occasional
C02487,10,11,1110.43,3,New/Occasional
C02488,8,6,961.67,3,New/Occasional
C02489,1,8,1268.71,3,New/Occasional
C02490,212,1,113.97,1,At-Risk
C02491,29,1,92.52,3,New/Occasional
C02492,37,41,514.85,0,Loyal Mid-Tier
C02493,36,14,981.15,3,New/Occasional
C02494,19,9,279.28,3,New/Occasional
C02495,27,27,11700.91,2,VIP
C02496,473,23,510.28,1,At-Risk
C02497,4,1,46.21,3,New/Occasional
C02498,23,9,338.64,3,New/Occasional
C02499,46,4,66.96,3,New/Occasional
C02500,38,23,3169.38,0,Loyal Mid-Tier
C02501,9,11,340.26,3,New/Occasional
C02502,2,5,208.17,3,New/Occasional
C02503,127,12,905.37,1,At-Risk
C02504,23,8,1192.01,3,New/Occasional
C02505,63,30,2319.35,0,Loyal Mid-Tier
C02506,107,8,559.26,1,At-Risk
C02507,45,3,187.09,3,New/Occasional
C02508,14,2,212.39,3,New/Occasional
C02509,14,23,2163.67,0,Loyal Mid-Tier
C02510,147,17,2380.94,1,At-Risk
C02511,7,4,373.18,3,New/Occasional
C02512,105,28,5005.67,0,Loyal Mid-Tier
C02513,48,24,3519.06,0,Loyal Mid-Tier
C02514,22,25,1540.21,0,Loyal Mid-Tier
C02515,128,68,4306.91,0,Loyal Mid-Tier
C02516,29,32,5403.64,0,Loyal Mid-Tier
C02517,7,12,326.52,3,New/Occasional
C02518,58,4,246.98,3,New/Occasional
C02519,16,1,72.69,3,New/Occasional
C02520,221,11,1561.17,1,At-Risk
C02521,68,47,3141.88,0,Loyal Mid-Tier
C02522,32,33,3255.64,0,Loyal Mid-Tier
C02523,11,9,704.32,3,New/Occasional
C02524,12,23,794.59,3,New/Occasional
C02525,108,6,1098.29,1,At-Risk
C02526,80,9,715.52,3,New/Occasional
C02527,15,4,328.33,3,New/Occasional
C02528,13,4,342.53,3,New/Occasional
C02529,18,4,256.85,3,New/Occasional
C02530,128,11,240.39,1,At-Risk
C02531,36,14,1519.84,3,New/Occasional
C02532,180,15,689.82,1,At-Risk
C02533,120,30,3196.63,0,Loyal Mid-Tier
C02534,13,13,2268.24,3,New/Occasional
C02535,15,1,148.97,3,New/Occasional
C02536,120,14,762.93,1,At-Risk
C02537,251,15,744.36,1,At-Risk
C02538,9,25,3870.09,0,Loyal Mid-Tier
C02539,9,7,166.83,3,New/Occasional
C02540,4,8,651.21,3,New/Occasional
C02541,31,10,868.26,3,New/Occasional
C02542,51,12,672.22,3,New/Occasional
C02543,13,7,613.44,3,New/Occasional
C02544,47,8,2634.25,3,New/Occasional
C02545,64,45,1586.48,0,Loyal Mid-Tier
C02546,72,2,224.4,3,New/Occasional
C02547,121,11,1198.06,1,At-Risk
C02548,68,70,8333.76,2,VIP
C02549,15,25,879.28,3,New/Occasional
C02550,2,12,308.97,3,New/Occasional
C02551,16,4,109.3,3,New/Occasional
C02552,98,15,5674.4,0,Loyal Mid-Tier
C02553,321,4,282.91,1,At-Risk
C02554,7,23,3920.51,0,Loyal Mid-Tier
C02555,34,7,1019.99,3,New/Occasional
C02556,6,2,230.46,3,New/Occasional
C02557,38,31,2880.49,0,Loyal Mid-Tier
C02558,100,1,44.28,3,New/Occasional
C02559,1,3,78.2,3,New/Occasional
C02560,165,25,1420.82,1,At-Risk
C02561,15,1,152.84,3,New/Occasional
C02562,39,3,63.72,3,New/Occasional
C02563,24,7,1986.04,3,New/Occasional
C02564,33,44,7211.91,0,Loyal Mid-Tier
C02565,3,8,776.16,3,New/Occasional
C02566,271,13,617.71,1,At-Risk
C02567,23,31,5196.45,0,Loyal Mid-Tier
C02568,74,9,286.48,3,New/Occasional
C02569,0,1,56.89,3,New/Occasional
C02570,57,3,139.66,3,New/Occasional
C02571,8,30,1518.82,0,Loyal Mid-Tier
C02572,174,9,640.88,1,At-Risk
C02573,254,15,1470.45,1,At-Risk
C02574,13,24,2795.99,0,Loyal Mid-Tier
C02575,1,8,228.45,3,New/Occasional
C02576,167,44,2263.81,0,Loyal Mid-Tier
C02577,116,28,1013.14,1,At-Risk
C02578,11,6,771.59,3,New/Occasional
C02579,5,15,948.8,3,New/Occasional
C02580,30,39,1361.33,0,Loyal Mid-Tier
C02581,20,12,468.65,3,New/Occasional
C02582,99,11,997.86,3,New/Occasional
C02583,31,7,384.49,3,New/Occasional
C02584,65,20,927.1,3,New/Occasional
C02585,2,25,3533.3,0,Loyal Mid-Tier
C02586,195,1,48.89,1,At-Risk
C02587,24,36,4447.82,0,Loyal Mid-Tier
C02588,69,41,2496.53,0,Loyal Mid-Tier
C02589,17,10,1968.88,3,New/Occasional
C02590,95,21,1215.81,3,New/Occasional
C02591,69,16,2341.4,3,New/Occasional
C02592,72,25,1079.31,0,Loyal Mid-Tier
C02593,72,27,1173.29,0,Loyal Mid-Tier
C02594,26,33,12247.36,2,VIP
C02595,18,15,958.14,3,New/Occasional
C02596,33,20,2237.71,3,New/Occasional
C02597,12,11,443.89,3,New/Occasional
C02598,42,24,1975.38,0,Loyal Mid-Tier
C02599,71,2,189.45,3,New/Occasional
C02600,82,3,159.67,3,New/Occasional
C02601,50,1,21.56,3,New/Occasional
C02602,16,2,266.03,3,New/Occasional
C02603,11,10,2250.36,3,New/Occasional
C02604,3,5,133.06,3,New/Occasional
C02605,3,6,598.67,3,New/Occasional
C02606,11,9,544.76,3,New/Occasional
C02607,137,13,1391.77,1,At-Risk
C02608,21,6,273.99,3,New/Occasional
C02609,36,16,276.29,3,New/Occasional
C02610,161,7,549.97,1,At-Risk
C02611,23,12,1447.91,3,New/Occasional
C02612,244,37,3034.98,1,At-Risk
C02613,35,14,545.03,3,New/Occasional
C02614,122,16,1928.13,1,At-Risk
C02615,36,44,3703.8,0,Loyal Mid-Tier
C02616,128,3,105.48,1,At-Risk
C02617,196,9,438.87,1,At-Risk
C02618,13,6,191.35,3,New/Occasional
C02619,71,5,522.56,3,New/Occasional
C02620,18,3,173.7,3,New/Occasional
C02621,175,5,89.1,1,At-Risk
C02622,120,18,3657.53,1,At-Risk
C02623,36,6,800.33,3,New/Occasional
C02624,157,28,1425.46,1,At-Risk
C02625,38,13,204.37,3,New/Occasional
C02626,23,11,813.06,3,New/Occasional
C02627,5,2,224.5,3,New/Occasional
C02628,68,19,1715.02,3,New/Occasional
C02629,189,13,452.88,1,At-Risk
C02630,0,1,77.51,3,New/Occasional
C02631,42,3,127.15,3,New/Occasional
C02632,69,4,413.38,3,New/Occasional
C02633,33,1,30.33,3,New/Occasional
C02634,179,10,477.21,1,At-Risk
C02635,34,19,3719.01,0,Loyal Mid-Tier
C02636,44,7,1842.03,3,New/Occasional
C02637,27,4,436.4,3,New/Occasional
C02638,66,3,442.92,3,New/Occasional
C02639,97,16,4037.13,0,Loyal Mid-Tier
C02640,4,49,1573.54,0,Loyal Mid-Tier
C02641,25,22,650.96,3,New/Occasional
C02642,11,3,304.58,3,New/Occasional
C02643,103,52,2966.19,0,Loyal Mid-Tier
C02644,15,26,1775.26,0,Loyal Mid-Tier
C02645,46,16,2397.42,3,New/Occasional
C02646,43,8,532.82,3,New/Occasional
C02647,11,4,581.87,3,New/Occasional
C02648,78,20,3909.27,0,Loyal Mid-Tier
C02649,31,5,161.1,3,New/Occasional
C02650,38,29,2721.06,0,Loyal Mid-Tier
C02651,1,65,969.77,0,Loyal Mid-Tier
C02652,140,62,2854.21,0,Loyal Mid-Tier
C02653,122,7,776.73,1,At-Risk
C02654,15,8,374.54,3,New/Occasional
C02655,4,10,573.42,3,New/Occasional
C02656,130,10,764.86,1,At-Risk
C02657,7,17,1171.38,3,New/Occasional
C02658,12,28,553.36,3,New/Occasional
C02659,52,37,795.38,0,Loyal Mid-Tier
C02660,168,18,748.5,1,At-Risk
C02661,8,7,324.55,3,New/Occasional
C02662,172,16,2646.75,1,At-Risk
C02663,47,28,1767.33,0,Loyal Mid-Tier
C02664,36,23,1148.9,3,New/Occasional
C02665,0,9,358.0,3,New/Occasional
C02666,190,13,282.65,1,At-Risk
C02667,52,23,528.43,3,New/Occasional
C02668,35,17,419.54,3,New/Occasional
C02669,26,10,428.3,3,New/Occasional
C02670,132,30,1449.69,1,At-Risk
C02671,15,6,1040.36,3,New/Occasional
C02672,25,9,695.69,3,New/Occasional
C02673,63,6,271.58,3,New/Occasional
C02674,43,16,1086.95,3,New/Occasional
C02675,6,25,457.68,3,New/Occasional
C02676,133,14,1172.92,1,At-Risk
C02677,22,33,2947.66,0,Loyal Mid-Tier
C02678,138,1,87.42,1,At-Risk
C02679,73,20,1437.46,3,New/Occasional
C02680,12,11,432.41,3,New/Occasional
C02681,41,1,170.23,3,New/Occasional
C02682,60,6,391.82,3,New/Occasional
C02683,91,15,4016.33,0,Loyal Mid-Tier
C02684,13,25,1178.84,3,New/Occasional
C02685,69,17,1770.75,3,New/Occasional
C02686,54,23,595.22,3,New/Occasional
C02687,7,3,654.12,3,New/Occasional
C02688,17,8,135.3,3,New/Occasional
C02689,69,13,801.43,3,New/Occasional
C02690,106,4,564.67,1,At-Risk
C02691,182,9,740.47,1,At-Risk
C02692,53,13,503.55,3,New/Occasional
C02693,157,72,14003.76,2,VIP
C02694,11,28,3889.15,0,Loyal Mid-Tier
C02695,124,7,885.36,1,At-Risk
C02696,11,6,257.6,3,New/Occasional
C02697,11,13,537.38,3,New/Occasional
C02698,24,4,204.25,3,New/Occasional
C02699,115,21,823.77,1,At-Risk
C02700,275,4,218.32,1,At-Risk
C02701,32,18,644.82,3,New/Occasional
C02702,31,20,1239.0,3,New/Occasional
C02703,77,5,585.25,3,New/Occasional
C02704,3,34,4793.85,0,Loyal Mid-Tier
C02705,40,23,4163.96,0,Loyal Mid-Tier
C02706,21,4,207.2,3,New/Occasional
C02707,15,52,3807.65,0,Loyal Mid-Tier
C02708,158,14,592.42,1,At-Risk
C02709,0,18,1617.79,3,New/Occasional
C02710,20,3,1118.7,3,New/Occasional
C02711,41,38,1461.71,0,Loyal Mid-Tier
C02712,26,14,1107.44,3,New/Occasional
C02713,188,5,1242.36,1,At-Risk
C02714,55,12,496.88,3,New/Occasional
C02715,82,7,547.25,3,New/Occasional
C02716,166,9,850.5,1,At-Risk
C02717,42,47,2774.95,0,Loyal Mid-Tier
C02718,11,3,133.02,3,New/Occasional
C02719,2,2,196.65,3,New/Occasional
C02720,13,70,3958.84,0,Loyal Mid-Tier
C02721,1,32,2638.51,0,Loyal Mid-Tier
C02722,1,25,2357.36,0,Loyal Mid-Tier
C02723,75,29,2138.75,0,Loyal Mid-Tier
C02724,92,12,1041.93,3,New/Occasional
C02725,18,21,851.05,3,New/Occasional
C02726,74,2,107.41,3,New/Occasional
C02727,87,24,2355.21,0,Loyal Mid-Tier
C02728,118,21,2046.96,1,At-Risk
C02729,4,76,3340.26,0,Loyal Mid-Tier
C02730,169,7,2623.66,1,At-Risk
C02731,49,20,587.48,3,New/Occasional
C02732,32,10,452.58,3,New/Occasional
C02733,11,4,246.88,3,New/Occasional
C02734,2,28,919.65,0,Loyal Mid-Tier
C02735,4,14,1449.78,3,New/Occasional
C02736,10,2,190.9,3,New/Occasional
C02737,50,38,1410.01,0,Loyal Mid-Tier
C02738,42,15,1303.34,3,New/Occasional
C02739,14,13,775.31,3,New/Occasional
C02740,46,5,1176.86,3,New/Occasional
C02741,81,9,714.28,3,New/Occasional
C02742,34,5,761.08,3,New/Occasional
C02743,12,10,794.15,3,New/Occasional
C02744,45,38,3767.9,0,Loyal Mid-Tier
C02745,42,1,55.91,3,New/Occasional
C02746,37,1,93.01,3,New/Occasional
C02747,22,9,537.59,3,New/Occasional
C02748,23,7,331.88,3,New/Occasional
C02749,8,10,1120.14,3,New/Occasional
C02750,37,12,1405.93,3,New/Occasional
C02751,26,40,8409.08,2,VIP
C02752,47,9,211.62,3,New/Occasional
C02753,26,51,6198.36,0,Loyal Mid-Tier
C02754,10,9,1818.75,3,New/Occasional
C02755,6,21,980.19,3,New/Occasional
C02756,24,4,262.32,3,New/Occasional
C02757,65,11,465.64,3,New/Occasional
C02758,103,43,1520.18,0,Loyal Mid-Tier
C02759,68,7,1974.33,3,New/Occasional
C02760,111,9,969.6,1,At-Risk
C02761,7,25,1006.62,3,New/Occasional
C02762,38,2,47.39,3,New/Occasional
C02763,1,8,562.09,3,New/Occasional
C02764,109,1,143.36,1,At-Risk
C02765,57,6,580.16,3,New/Occasional
C02766,34,9,367.49,3,New/Occasional
C02767,50,10,570.07,3,New/Occasional
C02768,1,20,301.81,3,New/Occasional
C02769,15,25,2470.12,0,Loyal Mid-Tier
C02770,14,28,1702.43,0,Loyal Mid-Tier
C02771,99,3,264.69,3,New/Occasional
C02772,154,5,242.67,1,At-Risk
C02773,49,17,702.74,3,New/Occasional
C02774,12,22,2134.76,3,New/Occasional
C02775,82,6,277.9,3,New/Occasional
C02776,0,5,184.79,3,New/Occasional
C02777,104,6,294.09,1,At-Risk
C02778,58,8,484.49,3,New/Occasional
C02779,35,33,1241.52,0,Loyal Mid-Tier
C02780,110,6,2930.22,1,At-Risk
C02781,46,50,2851.42,0,Loyal Mid-Tier
C02782,121,14,630.12,1,At-Risk
C02783,53,39,6924.57,0,Loyal Mid-Tier
C02784,107,41,2815.37,0,Loyal Mid-Tier
C02785,3,16,1242.64,3,New/Occasional
C02786,22,19,1661.9,3,New/Occasional
C02787,19,15,1160.56,3,New/Occasional
C02788,63,13,698.47,3,New/Occasional
C02789,15,25,4382.13,0,Loyal Mid-Tier
C02790,26,7,1010.55,3,New/Occasional
C02791,26,13,1685.95,3,New/Occasional
C02792,113,7,247.15,1,At-Risk
C02793,13,18,648.51,3,New/Occasional
C02794,48,27,9148.88,2,VIP
C02795,23,47,2381.1,0,Loyal Mid-Tier
C02796,158,12,1100.94,1,At-Risk
C02797,68,11,1152.27,3,New/Occasional
C02798,91,9,1239.38,3,New/Occasional
C02799,63,20,817.24,3,New/Occasional
C02800,0,9,263.57,3,New/Occasional
C02801,116,29,1824.92,0,Loyal Mid-Tier
C02802,10,12,809.84,3,New/Occasional
C02803,75,4,145.08,3,New/Occasional
C02804,185,29,2364.73,1,At-Risk
C02805,109,5,586.48,1,At-Risk
C02806,21,36,7015.57,0,Loyal Mid-Tier
C02807,65,5,840.5,3,New/Occasional
C02808,18,33,5430.96,0,Loyal Mid-Tier
C02809,73,32,3078.22,0,Loyal Mid-Tier
C02810,217,32,11099.37,2,VIP
C02811,157,13,5221.95,1,At-Risk
C02812,26,21,4006.65,0,Loyal Mid-Tier
C02813,13,9,696.5,3,New/Occasional
C02814,104,70,3531.19,0,Loyal Mid-Tier
C02815,144,15,534.07,1,At-Risk
C02816,132,9,1345.46,1,At-Risk
C02817,82,10,815.17,3,New/Occasional
C02818,6,28,1945.69,0,Loyal Mid-Tier
C02819,24,3,429.23,3,New/Occasional
C02820,144,13,1635.47,1,At-Risk
C02821,77,12,402.62,3,New/Occasional
C02822,25,11,1173.3,3,New/Occasional
C02823,70,32,3873.99,0,Loyal Mid-Tier
C02824,55,6,426.06,3,New/Occasional
C02825,208,71,4093.28,0,Loyal Mid-Tier
C02826,48,1,114.24,3,New/Occasional
C02827,8,8,422.78,3,New/Occasional
C02828,157,7,807.33,1,At-Risk
C02829,141,17,1366.59,1,At-Risk
C02830,40,45,996.1,0,Loyal Mid-Tier
C02831,36,35,2113.33,0,Loyal Mid-Tier
C02832,3,3,159.15,3,New/Occasional
C02833,14,6,1106.36,3,New/Occasional
C02834,13,15,3792.1,3,New/Occasional
C02835,12,46,1803.66,0,Loyal Mid-Tier
C02836,165,3,86.51,1,At-Risk
C02837,103,3,509.98,3,New/Occasional
C02838,13,8,508.95,3,New/Occasional
C02839,21,3,81.13,3,New/Occasional
C02840,13,14,531.75,3,New/Occasional
C02841,30,35,1514.47,0,Loyal Mid-Tier
C02842,54,4,177.44,3,New/Occasional
C02843,14,4,90.64,3,New/Occasional
C02844,126,8,317.2,1,At-Risk
C02845,29,13,572.57,3,New/Occasional
C02846,46,11,787.33,3,New/Occasional
C02847,92,11,707.36,3,New/Occasional
C02848,56,24,1048.22,3,New/Occasional
C02849,34,1,85.75,3,New/Occasional
C02850,26,4,1486.27,3,New/Occasional
C02851,64,27,5438.57,0,Loyal Mid-Tier
C02852,125,12,617.36,1,At-Risk
C02853,12,17,1215.13,3,New/Occasional
C02854,32,13,2980.15,3,New/Occasional
C02855,3,20,2463.84,3,New/Occasional
C02856,19,3,138.16,3,New/Occasional
C02857,12,15,4513.55,0,Loyal Mid-Tier
C02858,25,15,444.35,3,New/Occasional
C02859,127,15,637.39,1,At-Risk
C02860,145,10,1084.31,1,At-Risk
C02861,4,17,984.41,3,New/Occasional
C02862,12,31,3942.48,0,Loyal Mid-Tier
C02863,7,27,802.47,3,New/Occasional
C02864,49,2,320.36,3,New/Occasional
C02865,73,16,1048.93,3,New/Occasional
C02866,18,1,24.16,3,New/Occasional
C02867,20,47,1684.18,0,Loyal Mid-Tier
C02868,14,6,994.83,3,New/Occasional
C02869,35,9,876.2,3,New/Occasional
C02870,8,1,49.99,3,New/Occasional
C02871,8,18,4206.21,0,Loyal Mid-Tier
C02872,9,33,2212.52,0,Loyal Mid-Tier
C02873,55,13,3086.51,3,New/Occasional
C02874,96,10,894.75,3,New/Occasional
C02875,34,21,2259.25,3,New/Occasional
C02876,87,8,483.41,3,New/Occasional
C02877,15,59,6484.25,0,Loyal Mid-Tier
C02878,39,15,1653.77,3,New/Occasional
C02879,100,8,797.12,3,New/Occasional
C02880,121,19,2749.51,1,At-Risk
C02881,165,3,143.97,1,At-Risk
C02882,192,22,6338.21,1,At-Risk
C02883,72,5,317.51,3,New/Occasional
C02884,53,5,1572.38,3,New/Occasional
C02885,9,8,237.38,3,New/Occasional
C02886,12,32,1477.33,0,Loyal Mid-Tier
C02887,61,19,994.89,3,New/Occasional
C02888,54,22,3281.58,0,Loyal Mid-Tier
C02889,53,5,954.63,3,New/Occasional
C02890,34,5,334.19,3,New/Occasional
C02891,53,4,673.61,3,New/Occasional
C02892,13,45,1227.19,0,Loyal Mid-Tier
C02893,75,29,3452.66,0,Loyal Mid-Tier
C02894,84,5,256.31,3,New/Occasional
C02895,149,6,593.73,1,At-Risk
C02896,1,3,497.05,3,New/Occasional
C02897,8,5,266.89,3,New/Occasional
C02898,24,61,9797.09,2,VIP
C02899,59,26,3203.57,0,Loyal Mid-Tier
C02900,138,29,5534.67,0,Loyal Mid-Tier
C02901,2,16,2595.41,3,New/Occasional
C02902,33,19,4744.36,0,Loyal Mid-Tier
C02903,70,8,494.35,3,New/Occasional
C02904,11,29,1122.6,0,Loyal Mid-Tier
C02905,14,69,3275.71,0,Loyal Mid-Tier
C02906,53,8,1200.64,3,New/Occasional
C02907,2,17,2801.08,3,New/Occasional
C02908,14,33,1859.18,0,Loyal Mid-Tier
C02909,72,5,236.91,3,New/Occasional
C02910,56,15,985.43,3,New/Occasional
C02911,7,39,1908.48,0,Loyal Mid-Tier
C02912,105,1,26.78,3,New/Occasional
C02913,32,11,2741.89,3,New/Occasional
C02914,20,29,2377.3,0,Loyal Mid-Tier
C02915,40,2,242.19,3,New/Occasional
C02916,41,3,362.27,3,New/Occasional
C02917,23,3,38.46,3,New/Occasional
C02918,72,7,184.53,3,New/Occasional
C02919,73,5,776.87,3,New/Occasional
C02920,89,4,267.74,3,New/Occasional
C02921,13,7,1089.25,3,New/Occasional
C02922,2,14,1108.77,3,New/Occasional
C02923,53,14,667.72,3,New/Occasional
C02924,86,11,401.36,3,New/Occasional
C02925,136,4,158.04,1,At-Risk
C02926,12,5,1206.47,3,New/Occasional
C02927,129,20,5555.35,0,Loyal Mid-Tier
C02928,4,10,361.63,3,New/Occasional
C02929,40,11,1165.58,3,New/Occasional
C02930,1,32,7477.92,0,Loyal Mid-Tier
C02931,166,2,37.59,1,At-Risk
C02932,33,5,97.45,3,New/Occasional
C02933,101,18,2467.66,1,At-Risk
C02934,84,19,3893.16,0,Loyal Mid-Tier
C02935,1,9,332.72,3,New/Occasional
C02936,13,5,835.3,3,New/Occasional
C02937,16,16,701.72,3,New/Occasional
C02938,32,14,426.45,3,New/Occasional
C02939,1,17,833.04,3,New/Occasional
C02940,99,6,1086.44,3,New/Occasional
C02941,31,2,214.8,3,New/Occasional
C02942,2,34,6536.12,0,Loyal Mid-Tier
C02943,22,1,61.34,3,New/Occasional
C02944,27,13,1984.34,3,New/Occasional
C02945,27,6,314.81,3,New/Occasional
C02946,48,1,166.49,3,New/Occasional
C02947,156,4,362.23,1,At-Risk
C02948,0,22,380.68,3,New/Occasional
C02949,73,3,151.87,3,New/Occasional
C02950,10,5,1283.19,3,New/Occasional
C02951,52,7,413.57,3,New/Occasional
C02952,5,4,379.13,3,New/Occasional
C02953,92,27,547.58,0,Loyal Mid-Tier
C02954,77,7,1219.78,3,New/Occasional
C02955,13,5,398.32,3,New/Occasional
C02956,34,14,1529.69,3,New/Occasional
C02957,42,2,165.06,3,New/Occasional
C02958,39,7,284.56,3,New/Occasional
C02959,5,28,3367.2,0,Loyal Mid-Tier
C02960,67,6,239.71,3,New/Occasional
C02961,4,2,92.8,3,New/Occasional
C02962,72,5,271.14,3,New/Occasional
C02963,179,73,4666.56,0,Loyal Mid-Tier
C02964,113,4,1372.52,1,At-Risk
C02965,10,44,4042.03,0,Loyal Mid-Tier
C02966,21,12,1202.97,3,New/Occasional
C02967,3,9,2236.14,3,New/Occasional
C02968,23,39,4124.92,0,Loyal Mid-Tier
C02969,101,21,1902.74,1,At-Risk
C02970,22,35,2012.46,0,Loyal Mid-Tier
C02971,23,32,2173.03,0,Loyal Mid-Tier
C02972,70,27,817.5,0,Loyal Mid-Tier
C02973,77,18,856.42,3,New/Occasional
C02974,81,1,91.37,3,New/Occasional
C02975,38,32,4347.42,0,Loyal Mid-Tier
C02976,133,1,127.79,1,At-Risk
C02977,14,26,2318.01,0,Loyal Mid-Tier
C02978,106,2,136.0,1,At-Risk
C02979,80,4,292.7,3,New/Occasional
C02980,64,24,3576.46,0,Loyal Mid-Tier
C02981,3,6,322.45,3,New/Occasional
C02982,27,44,7262.37,0,Loyal Mid-Tier
C02983,55,16,1003.21,3,New/Occasional
C02984,66,8,448.18,3,New/Occasional
C02985,16,17,2661.06,3,New/Occasional
C02986,48,8,1235.61,3,New/Occasional
C02987,3,16,1387.46,3,New/Occasional
C02988,115,29,7140.05,0,Loyal Mid-Tier
C02989,63,4,499.57,3,New/Occasional
C02990,78,36,1360.22,0,Loyal Mid-Tier
C02991,18,8,688.78,3,New/Occasional
C02992,20,5,630.19,3,New/Occasional
C02993,64,2,947.69,3,New/Occasional
C02994,74,38,2255.47,0,Loyal Mid-Tier
C02995,14,8,1005.38,3,New/Occasional
C02996,102,2,187.55,3,New/Occasional
C02997,20,29,2337.8,0,Loyal Mid-Tier
C02998,26,25,1444.48,0,Loyal Mid-Tier
C02999,35,24,659.94,3,New/Occasional
C03000,179,54,7771.1,2,VIP
C03001,103,20,428.33,1,At-Risk
C03002,3,4,970.12,3,New/Occasional
C03003,81,3,192.54,3,New/Occasional
C03004,39,12,1193.93,3,New/Occasional
C03005,49,23,797.32,3,New/Occasional
C03006,43,56,5877.01,0,Loyal Mid-Tier
C03007,14,2,179.8,3,New/Occasional
C03008,16,20,880.7,3,New/Occasional
C03009,57,7,744.28,3,New/Occasional
C03010,1,32,3058.34,0,Loyal Mid-Tier
C03011,13,28,8560.32,2,VIP
C03012,3,39,4973.25,0,Loyal Mid-Tier
C03013,5,15,329.09,3,New/Occasional
C03014,34,42,3766.89,0,Loyal Mid-Tier
C03015,29,9,539.12,3,New/Occasional
C03016,53,1,59.74,3,New/Occasional
C03017,41,11,1499.12,3,New/Occasional
C03018,69,36,2563.44,0,Loyal Mid-Tier
C03019,105,12,1536.4,1,At-Risk
C03020,1,26,1367.13,0,Loyal Mid-Tier
C03021,116,6,98.85,1,At-Risk
C03022,108,5,126.34,1,At-Risk
C03023,32,52,1222.38,0,Loyal Mid-Tier
C03024,28,62,11195.16,2,VIP
C03025,3,38,1966.72,0,Loyal Mid-Tier
C03026,14,7,494.83,3,New/Occasional
C03027,5,4,163.39,3,New/Occasional
C03028,90,28,1764.8,0,Loyal Mid-Tier
C03029,14,25,897.11,3,New/Occasional
C03030,37,26,946.53,3,New/Occasional
C03031,84,6,302.2,3,New/Occasional
C03032,124,15,505.46,1,At-Risk
C03033,44,21,2343.26,0,Loyal Mid-Tier
C03034,32,17,810.51,3,New/Occasional
C03035,8,14,1294.58,3,New/Occasional
C03036,72,14,688.62,3,New/Occasional
C03037,40,11,250.07,3,New/Occasional
C03038,10,5,147.36,3,New/Occasional
C03039,107,13,691.55,1,At-Risk
C03040,27,4,39.23,3,New/Occasional
C03041,31,11,587.48,3,New/Occasional
C03042,104,12,4252.35,1,At-Risk
C03043,443,18,647.53,1,At-Risk
C03044,20,16,1687.77,3,New/Occasional
C03045,99,1,41.85,3,New/Occasional
C03046,229,9,443.17,1,At-Risk
C03047,129,17,784.08,1,At-Risk
C03048,140,15,1159.04,1,At-Risk
C03049,23,44,6029.65,0,Loyal Mid-Tier
C03050,31,11,364.5,3,New/Occasional
C03051,2,1,15.33,3,New/Occasional
C03052,48,19,2589.94,3,New/Occasional
C03053,122,17,755.73,1,At-Risk
C03054,117,13,1103.4,1,At-Risk
C03055,37,40,13124.07,2,VIP
C03056,68,30,2175.59,0,Loyal Mid-Tier
C03057,56,14,1030.42,3,New/Occasional
C03058,56,12,237.7,3,New/Occasional
C03059,146,1,36.7,1,At-Risk
C03060,72,9,1079.87,3,New/Occasional
C03061,1,23,1843.86,3,New/Occasional
C03062,3,3,320.89,3,New/Occasional
C03063,273,4,270.54,1,At-Risk
C03064,55,30,1516.32,0,Loyal Mid-Tier
C03065,18,62,1365.4,0,Loyal Mid-Tier
C03066,193,16,1462.63,1,At-Risk
C03067,82,1,31.6,3,New/Occasional
C03068,4,17,1256.92,3,New/Occasional
C03069,2,14,1068.19,3,New/Occasional
C03070,34,3,139.26,3,New/Occasional
C03071,28,29,3640.1,0,Loyal Mid-Tier
C03072,34,2,254.64,3,New/Occasional
C03073,91,5,584.93,3,New/Occasional
C03074,131,35,2956.36,0,Loyal Mid-Tier
C03075,9,14,556.06,3,New/Occasional
C03076,82,42,3967.43,0,Loyal Mid-Tier
C03077,77,13,1715.86,3,New/Occasional
C03078,40,1,56.4,3,New/Occasional
C03079,18,6,336.93,3,New/Occasional
C03080,95,6,2211.48,3,New/Occasional
C03081,16,13,2469.76,3,New/Occasional
C03082,200,2,77.67,1,At-Risk
C03083,173,20,3000.41,1,At-Risk
C03084,142,24,752.25,1,At-Risk
C03085,211,9,401.33,1,At-Risk
C03086,7,18,394.05,3,New/Occasional
C03087,103,38,1867.88,0,Loyal Mid-Tier
C03088,36,2,347.63,3,New/Occasional
C03089,108,52,3926.84,0,Loyal Mid-Tier
C03090,82,5,187.64,3,New/Occasional
C03091,8,2,121.66,3,New/Occasional
C03092,196,20,1087.26,1,At-Risk
C03093,1,11,965.49,3,New/Occasional
C03094,47,2,292.15,3,New/Occasional
C03095,152,26,1467.9,1,At-Risk
C03096,76,22,2842.98,0,Loyal Mid-Tier
C03097,36,5,655.05,3,New/Occasional
C03098,105,30,1515.58,0,Loyal Mid-Tier
C03099,18,19,1072.83,3,New/Occasional
C03100,51,11,234.69,3,New/Occasional
C03101,24,21,1856.23,3,New/Occasional
C03102,28,1,63.88,3,New/Occasional
C03103,26,6,1937.63,3,New/Occasional
C03104,0,16,651.35,3,New/Occasional
C03105,22,72,3475.67,0,Loyal Mid-Tier
C03106,29,14,639.12,3,New/Occasional
C03107,34,17,1811.24,3,New/Occasional
C03108,111,28,1182.66,1,At-Risk
C03109,61,4,196.42,3,New/Occasional
C03110,253,4,152.39,1,At-Risk
C03111,127,7,127.13,1,At-Risk
C03112,39,1,58.37,3,New/Occasional
C03113,3,8,1233.53,3,New/Occasional
C03114,37,2,103.0,3,New/Occasional
C03115,195,23,3983.82,1,At-Risk
C03116,45,63,6250.43,0,Loyal Mid-Tier
C03117,20,12,752.69,3,New/Occasional
C03118,103,5,812.61,3,New/Occasional
C03119,140,13,1545.64,1,At-Risk
C03120,2,3,124.55,3,New/Occasional
C03121,6,9,670.99,3,New/Occasional
C03122,19,6,482.81,3,New/Occasional
C03123,17,21,1255.19,3,New/Occasional
C03124,20,8,506.97,3,New/Occasional
C03125,58,14,2715.17,3,New/Occasional
C03126,44,53,2926.02,0,Loyal Mid-Tier
C03127,25,10,395.92,3,New/Occasional
C03128,55,31,1247.52,0,Loyal Mid-Tier
C03129,35,45,3203.53,0,Loyal Mid-Tier
C03130,109,5,218.15,1,At-Risk
C03131,84,27,789.9,0,Loyal Mid-Tier
C03132,12,26,10291.32,2,VIP
C03133,60,1,32.86,3,New/Occasional
C03134,172,25,3458.77,1,At-Risk
C03135,15,35,1008.17,0,Loyal Mid-Tier
C03136,7,27,4711.11,0,Loyal Mid-Tier
C03137,35,26,3305.18,0,Loyal Mid-Tier
C03138,19,48,3173.02,0,Loyal Mid-Tier
C03139,79,12,852.68,3,New/Occasional
C03140,32,6,509.94,3,New/Occasional
C03141,99,23,1546.82,1,At-Risk
C03142,1,6,598.52,3,New/Occasional
C03143,37,31,563.3,0,Loyal Mid-Tier
C03144,3,6,740.89,3,New/Occasional
C03145,140,4,150.24,1,At-Risk
C03146,128,30,1291.36,1,At-Risk
C03147,48,18,2649.96,3,New/Occasional
C03148,9,16,582.05,3,New/Occasional
C03149,64,1,27.0,3,New/Occasional
C03150,44,3,131.44,3,New/Occasional
C03151,14,19,1016.55,3,New/Occasional
C03152,23,5,45.04,3,New/Occasional
C03153,50,12,1907.16,3,New/Occasional
C03154,36,7,212.33,3,New/Occasional
C03155,7,6,591.1,3,New/Occasional
C03156,80,10,488.57,3,New/Occasional
C03157,329,30,2335.55,1,At-Risk
C03158,18,3,168.62,3,New/Occasional
C03159,205,16,770.23,1,At-Risk
C03160,39,27,1119.58,0,Loyal Mid-Tier
C03161,131,13,1390.84,1,At-Risk
C03162,11,6,381.42,3,New/Occasional
C03163,56,23,3090.61,0,Loyal Mid-Tier
C03164,19,19,645.92,3,New/Occasional
C03165,30,57,14180.65,2,VIP
C03166,29,49,2396.39,0,Loyal Mid-Tier
C03167,0,7,1851.27,3,New/Occasional
C03168,103,12,661.98,1,At-Risk
C03169,10,38,3557.9,0,Loyal Mid-Tier
C03170,73,17,3221.1,3,New/Occasional
C03171,92,17,396.42,3,New/Occasional
C03172,72,12,618.66,3,New/Occasional
C03173,87,7,568.31,3,New/Occasional
C03174,20,13,557.81,3,New/Occasional
C03175,33,19,1890.95,3,New/Occasional
C03176,1,18,4863.67,0,Loyal Mid-Tier
C03177,169,1,253.65,1,At-Risk
C03178,8,4,208.34,3,New/Occasional
C03179,87,20,2244.04,3,New/Occasional
C03180,31,51,2980.44,0,Loyal Mid-Tier
C03181,54,32,1809.59,0,Loyal Mid-Tier
C03182,103,1,85.91,3,New/Occasional
C03183,182,23,771.5,1,At-Risk
C03184,44,4,80.91,3,New/Occasional
C03185,13,24,927.12,3,New/Occasional
C03186,3,29,2718.47,0,Loyal Mid-Tier
C03187,54,17,581.84,3,New/Occasional
C03188,1,15,978.56,3,New/Occasional
C03189,1,1,115.45,3,New/Occasional
C03190,13,12,1247.66,3,New/Occasional
C03191,7,6,685.35,3,New/Occasional
C03192,96,3,179.52,3,New/Occasional
C03193,232,22,2609.65,1,At-Risk
C03194,101,23,922.66,1,At-Risk
C03195,183,12,1455.89,1,At-Risk
C03196,109,10,1862.84,1,At-Risk
C03197,11,1,80.12,3,New/Occasional
C03198,42,7,283.32,3,New/Occasional
C03199,4,48,6925.08,0,Loyal Mid-Tier
C03200,73,34,5117.2,0,Loyal Mid-Tier
C03201,21,16,2535.89,3,New/Occasional
C03202,101,18,2376.9,1,At-Risk
C03203,39,68,4465.55,0,Loyal Mid-Tier
C03204,57,33,1554.34,0,Loyal Mid-Tier
C03205,51,15,3665.31,3,New/Occasional
C03206,9,4,221.74,3,New/Occasional
C03207,105,2,73.67,3,New/Occasional
C03208,55,2,28.12,3,New/Occasional
C03209,18,16,1748.47,3,New/Occasional
C03210,76,1,343.23,3,New/Occasional
C03211,62,61,3801.45,0,Loyal Mid-Tier
C03212,126,26,2628.16,1,At-Risk
C03213,44,7,1046.17,3,New/Occasional
C03214,5,7,657.83,3,New/Occasional
C03215,73,1,144.31,3,New/Occasional
C03216,105,2,141.68,3,New/Occasional
C03217,148,17,1837.23,1,At-Risk
C03218,10,5,300.92,3,New/Occasional
C03219,31,12,1011.92,3,New/Occasional
C03220,124,17,1714.23,1,At-Risk
C03221,35,21,4409.35,0,Loyal Mid-Tier
C03222,25,19,3235.73,0,Loyal Mid-Tier
C03223,48,12,382.0,3,New/Occasional
C03224,185,48,2618.06,0,Loyal Mid-Tier
C03225,56,7,1656.95,3,New/Occasional
C03226,79,1,100.72,3,New/Occasional
C03227,82,24,1849.37,0,Loyal Mid-Tier
C03228,16,4,373.67,3,New/Occasional
C03229,71,29,752.92,0,Loyal Mid-Tier
C03230,130,7,123.55,1,At-Risk
C03231,20,54,6726.79,0,Loyal Mid-Tier
C03232,73,8,1422.01,3,New/Occasional
C03233,87,5,284.03,3,New/Occasional
C03234,114,34,4143.79,0,Loyal Mid-Tier
C03235,4,14,1164.89,3,New/Occasional
C03236,1,10,1170.73,3,New/Occasional
C03237,46,16,914.58,3,New/Occasional
C03238,7,19,1277.9,3,New/Occasional
C03239,79,17,2038.55,3,New/Occasional
C03240,303,3,228.08,1,At-Risk
C03241,4,7,288.37,3,New/Occasional
C03242,153,41,816.65,1,At-Risk
C03243,18,4,441.94,3,New/Occasional
C03244,30,6,609.64,3,New/Occasional
C03245,33,28,932.63,0,Loyal Mid-Tier
C03246,70,27,3596.84,0,Loyal Mid-Tier
C03247,27,9,1431.82,3,New/Occasional
C03248,100,63,12668.85,2,VIP
C03249,387,13,819.01,1,At-Risk
C03250,9,21,1531.8,3,New/Occasional
C03251,22,6,837.09,3,New/Occasional
C03252,17,2,206.51,3,New/Occasional
C03253,15,52,4835.17,0,Loyal Mid-Tier
C03254,2,1,88.15,3,New/Occasional
C03255,44,29,4770.41,0,Loyal Mid-Tier
C03256,189,9,234.35,1,At-Risk
C03257,1,8,243.13,3,New/Occasional
C03258,14,8,1140.58,3,New/Occasional
C03259,21,4,306.15,3,New/Occasional
C03260,53,15,730.31,3,New/Occasional
C03261,41,1,35.13,3,New/Occasional
C03262,80,17,5078.48,0,Loyal Mid-Tier
C03263,370,21,855.45,1,At-Risk
C03264,54,12,401.0,3,New/Occasional
C03265,131,5,442.19,1,At-Risk
C03266,9,21,643.44,3,New/Occasional
C03267,143,5,632.6,1,At-Risk
C03268,58,1,76.74,3,New/Occasional
C03269,23,4,251.73,3,New/Occasional
C03270,59,3,197.24,3,New/Occasional
C03271,49,1,70.16,3,New/Occasional
C03272,46,8,269.13,3,New/Occasional
C03273,92,24,1070.95,3,New/Occasional
C03274,1,11,1652.8,3,New/Occasional
C03275,15,8,847.84,3,New/Occasional
C03276,240,32,2607.48,1,At-Risk
C03277,175,9,3021.09,1,At-Risk
C03278,81,9,1831.08,3,New/Occasional
C03279,130,10,948.03,1,At-Risk
C03280,1,20,1523.58,3,New/Occasional
C03281,4,12,701.31,3,New/Occasional
C03282,87,5,1006.36,3,New/Occasional
C03283,74,21,2883.62,0,Loyal Mid-Tier
C03284,68,5,1285.83,3,New/Occasional
C03285,24,4,306.71,3,New/Occasional
C03286,80,43,4876.67,0,Loyal Mid-Tier
C03287,10,5,249.11,3,New/Occasional
C03288,24,47,3104.22,0,Loyal Mid-Tier
C03289,36,18,708.87,3,New/Occasional
C03290,17,50,1487.58,0,Loyal Mid-Tier
C03291,113,4,533.67,1,At-Risk
C03292,18,24,2263.86,0,Loyal Mid-Tier
C03293,42,32,2837.8,0,Loyal Mid-Tier
C03294,10,12,884.45,3,New/Occasional
C03295,58,5,981.86,3,New/Occasional
C03296,90,3,576.67,3,New/Occasional
C03297,28,5,178.76,3,New/Occasional
C03298,10,3,523.8,3,New/Occasional
C03299,157,34,4252.29,0,Loyal Mid-Tier
C03300,31,19,1819.51,3,New/Occasional
C03301,18,4,580.95,3,New/Occasional
C03302,6,9,1060.82,3,New/Occasional
C03303,55,7,647.88,3,New/Occasional
C03304,12,22,1054.46,3,New/Occasional
C03305,47,17,2713.92,3,New/Occasional
C03306,228,1,63.11,1,At-Risk
C03307,7,24,2477.35,0,Loyal Mid-Tier
C03308,13,14,2250.15,3,New/Occasional
C03309,17,8,410.7,3,New/Occasional
C03310,54,9,1536.18,3,New/Occasional
C03311,21,23,2374.04,0,Loyal Mid-Tier
C03312,51,9,1651.15,3,New/Occasional
C03313,40,53,919.76,0,Loyal Mid-Tier
C03314,38,20,674.74,3,New/Occasional
C03315,50,17,1032.26,3,New/Occasional
C03316,55,17,3587.31,0,Loyal Mid-Tier
C03317,51,44,10943.22,2,VIP
C03318,195,57,2625.52,0,Loyal Mid-Tier
C03319,75,2,110.9,3,New/Occasional
C03320,82,7,2461.83,3,New/Occasional
C03321,3,24,3979.43,0,Loyal Mid-Tier
C03322,32,37,3117.12,0,Loyal Mid-Tier
C03323,62,2,115.53,3,New/Occasional
C03324,42,3,859.46,3,New/Occasional
C03325,153,8,1118.51,1,At-Risk
C03326,54,1,42.61,3,New/Occasional
C03327,25,7,324.59,3,New/Occasional
C03328,76,9,824.65,3,New/Occasional
C03329,198,13,2979.34,1,At-Risk
C03330,71,37,2214.57,0,Loyal Mid-Tier
C03331,29,3,97.12,3,New/Occasional
C03332,12,6,364.97,3,New/Occasional
C03333,10,8,649.14,3,New/Occasional
C03334,117,14,775.01,1,At-Risk
C03335,48,18,4177.27,0,Loyal Mid-Tier
C03336,307,18,2154.15,1,At-Risk
C03337,13,50,3396.22,0,Loyal Mid-Tier
C03338,36,11,214.6,3,New/Occasional
C03339,14,25,2184.36,0,Loyal Mid-Tier
C03340,9,1,119.04,3,New/Occasional
C03341,27,22,1185.72,3,New/Occasional
C03342,20,26,695.19,3,New/Occasional
C03343,6,4,674.75,3,New/Occasional
C03344,29,18,1164.76,3,New/Occasional
C03345,110,4,180.97,1,At-Risk
C03346,176,43,5914.09,0,Loyal Mid-Tier
C03347,12,2,211.47,3,New/Occasional
C03348,17,1,73.24,3,New/Occasional
C03349,95,15,964.81,3,New/Occasional
C03350,0,46,9704.77,2,VIP
C03351,7,1,55.92,3,New/Occasional
C03352,64,43,971.6,0,Loyal Mid-Tier
C03353,18,47,2472.26,0,Loyal Mid-Tier
C03354,88,21,334.43,3,New/Occasional
C03355,218,11,1023.93,1,At-Risk
C03356,72,8,262.75,3,New/Occasional
C03357,47,15,552.9,3,New/Occasional
C03358,6,7,426.8,3,New/Occasional
C03359,27,5,319.6,3,New/Occasional
C03360,148,16,8656.56,2,VIP
C03361,0,9,231.97,3,New/Occasional
C03362,19,8,492.46,3,New/Occasional
C03363,110,27,827.16,1,At-Risk
C03364,167,7,404.25,1,At-Risk
C03365,5,2,130.01,3,New/Occasional
C03366,14,22,431.45,3,New/Occasional
C03367,30,21,1667.54,3,New/Occasional
C03368,11,33,2731.59,0,Loyal Mid-Tier
C03369,103,16,750.11,1,At-Risk
C03370,15,7,737.91,3,New/Occasional
C03371,121,16,962.07,1,At-Risk
C03372,1,36,2053.1,0,Loyal Mid-Tier
C03373,11,25,4291.55,0,Loyal Mid-Tier
C03374,56,4,484.81,3,New/Occasional
C03375,60,10,232.02,3,New/Occasional
C03376,69,14,959.44,3,New/Occasional
C03377,10,3,148.78,3,New/Occasional
C03378,1,20,988.42,3,New/Occasional
C03379,86,4,183.29,3,New/Occasional
C03380,76,39,746.71,0,Loyal Mid-Tier
C03381,105,31,2597.8,0,Loyal Mid-Tier
C03382,169,3,341.61,1,At-Risk
C03383,4,7,584.3,3,New/Occasional
C03384,60,15,2487.65,3,New/Occasional
C03385,68,24,2037.83,0,Loyal Mid-Tier
C03386,60,5,613.13,3,New/Occasional
C03387,114,10,606.48,1,At-Risk
C03388,111,4,418.98,1,At-Risk
C03389,6,19,1158.05,3,New/Occasional
C03390,1,1,58.26,3,New/Occasional
C03391,2,8,263.13,3,New/Occasional
C03392,0,27,2438.36,0,Loyal Mid-Tier
C03393,72,27,1899.44,0,Loyal Mid-Tier
C03394,5,2,197.93,3,New/Occasional
C03395,38,7,283.53,3,New/Occasional
C03396,30,58,10245.49,2,VIP
C03397,132,8,511.2,1,At-Risk
C03398,58,7,219.83,3,New/Occasional
C03399,59,9,372.05,3,New/Occasional
C03400,0,8,967.62,3,New/Occasional
C03401,84,4,180.47,3,New/Occasional
C03402,10,20,3705.44,0,Loyal Mid-Tier
C03403,65,11,1527.21,3,New/Occasional
C03404,2,12,554.64,3,New/Occasional
C03405,34,2,335.21,3,New/Occasional
C03406,0,27,5592.25,0,Loyal Mid-Tier
C03407,291,16,2024.65,1,At-Risk
C03408,29,1,67.14,3,New/Occasional
C03409,0,3,139.05,3,New/Occasional
C03410,21,37,1255.64,0,Loyal Mid-Tier
C03411,52,4,1183.79,3,New/Occasional
C03412,46,9,226.72,3,New/Occasional
C03413,33,16,4201.62,0,Loyal Mid-Tier
C03414,29,1,129.16,3,New/Occasional
C03415,111,12,1314.9,1,At-Risk
C03416,18,11,1603.17,3,New/Occasional
C03417,15,19,3762.87,0,Loyal Mid-Tier
C03418,52,43,6786.74,0,Loyal Mid-Tier
C03419,33,8,239.33,3,New/Occasional
C03420,84,16,2606.05,3,New/Occasional
C03421,80,9,2270.2,3,New/Occasional
C03422,65,16,2386.41,3,New/Occasional
C03423,118,1,64.79,1,At-Risk
C03424,71,13,680.4,3,New/Occasional
C03425,62,10,323.43,3,New/Occasional
C03426,40,2,98.02,3,New/Occasional
C03427,16,3,53.61,3,New/Occasional
C03428,27,22,6268.23,0,Loyal Mid-Tier
C03429,20,3,473.37,3,New/Occasional
C03430,26,25,1055.0,3,New/Occasional
C03431,68,2,109.21,3,New/Occasional
C03432,64,17,2222.75,3,New/Occasional
C03433,141,6,270.93,1,At-Risk
C03434,269,2,124.3,1,At-Risk
C03435,21,4,135.17,3,New/Occasional
C03436,101,35,5599.59,0,Loyal Mid-Tier
C03437,110,35,1340.4,0,Loyal Mid-Tier
C03438,185,12,479.02,1,At-Risk
C03439,150,46,1298.21,0,Loyal Mid-Tier
C03440,40,29,5681.48,0,Loyal Mid-Tier
C03441,4,7,227.22,3,New/Occasional
C03442,22,3,358.65,3,New/Occasional
C03443,36,44,1069.24,0,Loyal Mid-Tier
C03444,3,7,682.96,3,New/Occasional
C03445,3,11,419.95,3,New/Occasional
C03446,5,7,964.67,3,New/Occasional
C03447,6,1,39.94,3,New/Occasional
C03448,7,7,849.25,3,New/Occasional
C03449,21,32,1453.62,0,Loyal Mid-Tier
C03450,12,30,1751.51,0,Loyal Mid-Tier
C03451,34,3,178.46,3,New/Occasional
C03452,4,35,4141.81,0,Loyal Mid-Tier
C03453,64,1,98.97,3,New/Occasional
C03454,12,11,447.77,3,New/Occasional
C03455,67,23,1252.05,3,New/Occasional
C03456,25,11,782.69,3,New/Occasional
C03457,89,34,2205.5,0,Loyal Mid-Tier
C03458,139,47,1477.95,0,Loyal Mid-Tier
C03459,116,3,306.57,1,At-Risk
C03460,70,69,679.08,0,Loyal Mid-Tier
C03461,34,14,532.81,3,New/Occasional
C03462,3,8,713.04,3,New/Occasional
C03463,34,6,893.03,3,New/Occasional
C03464,53,5,327.59,3,New/Occasional
C03465,94,9,678.35,3,New/Occasional
C03466,118,3,194.18,1,At-Risk
C03467,125,25,5034.94,0,Loyal Mid-Tier
C03468,209,11,419.57,1,At-Risk
C03469,95,2,71.29,3,New/Occasional
C03470,0,15,1953.76,3,New/Occasional
C03471,119,21,1025.3,1,At-Risk
C03472,25,7,193.06,3,New/Occasional
C03473,54,23,776.9,3,New/Occasional
C03474,12,4,185.22,3,New/Occasional
C03475,43,1,191.32,3,New/Occasional
C03476,32,2,204.03,3,New/Occasional
C03477,8,14,2106.71,3,New/Occasional
C03478,85,12,3803.18,3,New/Occasional
C03479,64,10,951.67,3,New/Occasional
C03480,242,42,5658.17,1,At-Risk
C03481,34,13,2381.58,3,New/Occasional
C03482,4,62,1956.05,0,Loyal Mid-Tier
C03483,68,8,958.42,3,New/Occasional
C03484,155,10,1540.68,1,At-Risk
C03485,3,17,1976.75,3,New/Occasional
C03486,14,37,1390.43,0,Loyal Mid-Tier
C03487,46,17,1318.66,3,New/Occasional
C03488,15,8,877.66,3,New/Occasional
C03489,3,6,975.94,3,New/Occasional
C03490,80,5,141.28,3,New/Occasional
C03491,35,20,2891.11,0,Loyal Mid-Tier
C03492,19,8,476.56,3,New/Occasional
C03493,70,3,127.06,3,New/Occasional
C03494,129,20,2358.9,1,At-Risk
C03495,14,3,677.27,3,New/Occasional
C03496,28,32,1769.18,0,Loyal Mid-Tier
C03497,80,8,197.22,3,New/Occasional
C03498,108,3,219.93,1,At-Risk
C03499,49,18,767.42,3,New/Occasional
C03500,48,13,1061.85,3,New/Occasional
C03501,281,4,488.1,1,At-Risk
C03502,14,26,5059.94,0,Loyal Mid-Tier
C03503,24,9,237.24,3,New/Occasional
C03504,7,11,1175.12,3,New/Occasional
C03505,15,14,444.55,3,New/Occasional
C03506,46,33,706.19,0,Loyal Mid-Tier
C03507,241,36,2535.26,1,At-Risk
C03508,135,13,1686.19,1,At-Risk
C03509,16,1,154.17,3,New/Occasional
C03510,7,4,172.06,3,New/Occasional
C03511,25,12,814.71,3,New/Occasional
C03512,1,45,2655.01,0,Loyal Mid-Tier
C03513,15,1,77.2,3,New/Occasional
C03514,22,3,250.08,3,New/Occasional
C03515,50,6,210.4,3,New/Occasional
C03516,22,19,1192.73,3,New/Occasional
C03517,90,16,2668.26,3,New/Occasional
C03518,11,10,412.51,3,New/Occasional
C03519,36,29,1512.39,0,Loyal Mid-Tier
C03520,33,1,52.49,3,New/Occasional
C03521,122,2,141.85,1,At-Risk
C03522,4,16,2011.18,3,New/Occasional
C03523,29,3,676.12,3,New/Occasional
C03524,116,2,69.84,1,At-Risk
C03525,86,2,263.37,3,New/Occasional
C03526,18,11,418.44,3,New/Occasional
C03527,3,8,430.5,3,New/Occasional
C03528,237,2,232.44,1,At-Risk
C03529,17,4,264.22,3,New/Occasional
C03530,58,10,575.26,3,New/Occasional
C03531,52,11,1421.22,3,New/Occasional
C03532,56,18,726.68,3,New/Occasional
C03533,4,31,2285.72,0,Loyal Mid-Tier
C03534,183,48,11328.9,2,VIP
C03535,78,12,358.71,3,New/Occasional
C03536,56,10,1023.22,3,New/Occasional
C03537,7,7,651.46,3,New/Occasional
C03538,35,3,796.02,3,New/Occasional
C03539,24,8,696.35,3,New/Occasional
C03540,91,15,930.26,3,New/Occasional
C03541,22,30,8115.5,2,VIP
C03542,143,24,1793.16,1,At-Risk
C03543,190,28,2318.68,1,At-Risk
C03544,66,3,60.77,3,New/Occasional
C03545,40,5,409.3,3,New/Occasional
C03546,100,8,525.84,3,New/Occasional
C03547,32,13,2241.99,3,New/Occasional
C03548,58,9,1731.13,3,New/Occasional
C03549,35,13,741.06,3,New/Occasional
C03550,144,3,72.67,1,At-Risk
C03551,42,10,1613.61,3,New/Occasional
C03552,37,22,1745.56,3,New/Occasional
C03553,41,28,2965.09,0,Loyal Mid-Tier
C03554,111,8,310.05,1,At-Risk
C03555,0,5,269.67,3,New/Occasional
C03556,24,12,1191.61,3,New/Occasional
C03557,18,6,369.22,3,New/Occasional
C03558,2,4,369.41,3,New/Occasional
C03559,18,14,3307.55,3,New/Occasional
C03560,37,11,408.48,3,New/Occasional
C03561,41,21,1412.38,3,New/Occasional
C03562,4,17,5208.64,0,Loyal Mid-Tier
C03563,62,4,396.78,3,New/Occasional
C03564,166,15,539.97,1,At-Risk
C03565,7,23,638.76,3,New/Occasional
C03566,20,1,22.16,3,New/Occasional
C03567,82,17,944.77,3,New/Occasional
C03568,28,37,1492.63,0,Loyal Mid-Tier
C03569,18,63,9839.12,2,VIP
C03570,33,46,2453.7,0,Loyal Mid-Tier
C03571,5,24,1470.6,3,New/Occasional
C03572,163,13,1206.99,1,At-Risk
C03573,73,7,374.03,3,New/Occasional
C03574,8,40,8449.62,2,VIP
C03575,114,4,426.21,1,At-Risk
C03576,1,71,12669.35,2,VIP
C03577,1,50,2794.61,0,Loyal Mid-Tier
C03578,233,15,1881.54,1,At-Risk
C03579,38,18,1587.81,3,New/Occasional
C03580,33,12,578.37,3,New/Occasional
C03581,141,31,2209.59,1,At-Risk
C03582,0,2,202.3,3,New/Occasional
C03583,5,4,130.5,3,New/Occasional
C03584,49,8,550.62,3,New/Occasional
C03585,21,23,2106.34,0,Loyal Mid-Tier
C03586,28,10,721.97,3,New/Occasional
C03587,13,30,2512.45,0,Loyal Mid-Tier
C03588,27,29,1328.98,0,Loyal Mid-Tier
C03589,2,4,74.57,3,New/Occasional
C03590,9,16,436.0,3,New/Occasional
C03591,66,20,2142.18,3,New/Occasional
C03592,137,17,390.04,1,At-Risk
C03593,55,9,417.31,3,New/Occasional
C03594,73,4,435.57,3,New/Occasional
C03595,9,1,151.95,3,New/Occasional
C03596,157,21,2626.5,1,At-Risk
C03597,21,2,144.54,3,New/Occasional
C03598,83,1,188.19,3,New/Occasional
C03599,45,28,15388.27,2,VIP
C03600,32,19,1725.63,3,New/Occasional
C03601,3,19,1719.7,3,New/Occasional
C03602,12,14,1116.4,3,New/Occasional
C03603,82,14,1702.03,3,New/Occasional
C03604,33,22,6024.83,0,Loyal Mid-Tier
C03605,44,17,1638.74,3,New/Occasional
C03606,69,6,141.4,3,New/Occasional
C03607,20,10,1144.13,3,New/Occasional
C03608,92,30,1847.91,0,Loyal Mid-Tier
C03609,263,17,661.49,1,At-Risk
C03610,53,52,2037.8,0,Loyal Mid-Tier
C03611,45,9,584.68,3,New/Occasional
C03612,202,2,94.19,1,At-Risk
C03613,1,5,510.82,3,New/Occasional
C03614,186,16,3627.64,1,At-Risk
C03615,45,21,768.15,3,New/Occasional
C03616,84,24,2884.06,0,Loyal Mid-Tier
C03617,11,77,10106.27,2,VIP
C03618,139,12,979.0,1,At-Risk
C03619,19,7,157.35,3,New/Occasional
C03620,30,43,2669.36,0,Loyal Mid-Tier
C03621,44,14,478.8,3,New/Occasional
C03622,46,50,8985.04,2,VIP
C03623,8,16,1374.25,3,New/Occasional
C03624,43,2,107.83,3,New/Occasional
C03625,37,1,39.5,3,New/Occasional
C03626,180,4,239.85,1,At-Risk
C03627,7,8,607.77,3,New/Occasional
C03628,16,22,704.97,3,New/Occasional
C03629,14,25,673.0,3,New/Occasional
C03630,2,26,3629.56,0,Loyal Mid-Tier
C03631,4,2,215.65,3,New/Occasional
C03632,16,6,392.42,3,New/Occasional
C03633,4,12,3456.35,3,New/Occasional
C03634,28,33,3890.94,0,Loyal Mid-Tier
C03635,2,7,388.66,3,New/Occasional
C03636,45,39,2486.2,0,Loyal Mid-Tier
C03637,13,2,353.59,3,New/Occasional
C03638,12,8,1361.82,3,New/Occasional
C03639,27,38,1296.52,0,Loyal Mid-Tier
C03640,8,20,2607.84,3,New/Occasional
C03641,11,10,575.26,3,New/Occasional
C03642,6,16,715.82,3,New/Occasional
C03643,93,12,1423.25,3,New/Occasional
C03644,46,9,426.57,3,New/Occasional
C03645,141,26,1256.51,1,At-Risk
C03646,3,37,13434.58,2,VIP
C03647,59,7,216.89,3,New/Occasional
C03648,190,63,4531.72,0,Loyal Mid-Tier
C03649,27,5,561.51,3,New/Occasional
C03650,4,79,1301.85,0,Loyal Mid-Tier
C03651,65,46,2753.3,0,Loyal Mid-Tier
C03652,2,28,2935.66,0,Loyal Mid-Tier
C03653,108,24,810.0,1,At-Risk
C03654,69,15,2214.44,3,New/Occasional
C03655,132,6,258.74,1,At-Risk
C03656,2,13,384.83,3,New/Occasional
C03657,196,5,620.94,1,At-Risk
C03658,52,7,139.38,3,New/Occasional
C03659,12,14,1016.37,3,New/Occasional
C03660,5,3,1088.89,3,New/Occasional
C03661,26,1,248.16,3,New/Occasional
C03662,127,28,863.6,1,At-Risk
C03663,27,11,815.05,3,New/Occasional
C03664,51,7,701.58,3,New/Occasional
C03665,58,30,3129.69,0,Loyal Mid-Tier
C03666,94,4,529.67,3,New/Occasional
C03667,21,17,1370.04,3,New/Occasional
C03668,28,15,472.71,3,New/Occasional
C03669,23,22,2431.82,0,Loyal Mid-Tier
C03670,93,17,3868.34,0,Loyal Mid-Tier
C03671,38,13,3989.34,3,New/Occasional
C03672,99,9,1736.97,3,New/Occasional
C03673,0,8,433.7,3,New/Occasional
C03674,23,4,310.45,3,New/Occasional
C03675,19,4,165.69,3,New/Occasional
C03676,29,36,1478.08,0,Loyal Mid-Tier
C03677,84,6,371.75,3,New/Occasional
C03678,24,1,61.96,3,New/Occasional
C03679,7,40,2121.75,0,Loyal Mid-Tier
C03680,56,1,162.87,3,New/Occasional
C03681,115,15,1392.32,1,At-Risk
C03682,46,9,976.86,3,New/Occasional
C03683,32,3,62.04,3,New/Occasional
C03684,139,18,1701.02,1,At-Risk
C03685,22,20,4358.74,0,Loyal Mid-Tier
C03686,9,10,2364.63,3,New/Occasional
C03687,1,12,893.35,3,New/Occasional
C03688,8,28,1006.48,0,Loyal Mid-Tier
C03689,20,3,196.85,3,New/Occasional
C03690,39,18,1466.68,3,New/Occasional
C03691,28,4,1332.3,3,New/Occasional
C03692,43,30,2382.08,0,Loyal Mid-Tier
C03693,11,5,234.45,3,New/Occasional
C03694,4,17,2449.05,3,New/Occasional
C03695,4,10,430.35,3,New/Occasional
C03696,1,8,487.49,3,New/Occasional
C03697,78,6,446.34,3,New/Occasional
C03698,93,7,253.1,3,New/Occasional
C03699,60,7,652.28,3,New/Occasional
C03700,87,30,4666.11,0,Loyal Mid-Tier
C03701,71,29,1877.32,0,Loyal Mid-Tier
C03702,32,14,1045.72,3,New/Occasional
C03703,11,13,2085.59,3,New/Occasional
C03704,84,9,729.19,3,New/Occasional
C03705,71,43,9672.56,2,VIP
C03706,5,4,774.23,3,New/Occasional
C03707,57,5,166.34,3,New/Occasional
C03708,16,26,725.56,3,New/Occasional
C03709,13,11,3378.68,3,New/Occasional
C03710,24,14,1158.3,3,New/Occasional
C03711,21,31,1393.97,0,Loyal Mid-Tier
C03712,30,5,104.36,3,New/Occasional
C03713,5,8,577.8,3,New/Occasional
C03714,55,24,4106.37,0,Loyal Mid-Tier
C03715,83,12,503.43,3,New/Occasional
C03716,9,67,7126.37,2,VIP
C03717,12,26,2274.65,0,Loyal Mid-Tier
C03718,291,15,1465.49,1,At-Risk
C03719,90,9,405.56,3,New/Occasional
C03720,222,16,8567.16,1,At-Risk
C03721,185,16,385.02,1,At-Risk
C03722,161,8,656.49,1,At-Risk
C03723,59,20,1309.44,3,New/Occasional
C03724,69,5,755.64,3,New/Occasional
C03725,13,8,897.97,3,New/Occasional
C03726,46,12,2710.3,3,New/Occasional
C03727,90,1,116.82,3,New/Occasional
C03728,0,21,1032.37,3,New/Occasional
C03729,130,32,1894.21,1,At-Risk
C03730,107,62,8346.0,2,VIP
C03731,41,15,649.94,3,New/Occasional
C03732,37,11,1881.07,3,New/Occasional
C03733,30,3,134.8,3,New/Occasional
C03734,59,25,5969.85,0,Loyal Mid-Tier
C03735,32,41,2249.05,0,Loyal Mid-Tier
C03736,88,8,547.25,3,New/Occasional
C03737,75,5,229.56,3,New/Occasional
C03738,2,12,324.41,3,New/Occasional
C03739,58,17,825.23,3,New/Occasional
C03740,112,6,570.57,1,At-Risk
C03741,8,3,278.07,3,New/Occasional
C03742,92,26,464.49,3,New/Occasional
C03743,24,6,495.63,3,New/Occasional
C03744,80,1,106.02,3,New/Occasional
C03745,141,1,43.39,1,At-Risk
C03746,34,28,6533.99,0,Loyal Mid-Tier
C03747,4,15,290.98,3,New/Occasional
C03748,5,13,1327.03,3,New/Occasional
C03749,16,9,4192.56,3,New/Occasional
C03750,113,17,531.62,1,At-Risk
C03751,67,44,1230.19,0,Loyal Mid-Tier
C03752,22,6,821.16,3,New/Occasional
C03753,0,6,1646.08,3,New/Occasional
C03754,130,29,1366.18,1,At-Risk
C03755,37,9,1195.75,3,New/Occasional
C03756,29,39,3381.72,0,Loyal Mid-Tier
C03757,16,53,1656.81,0,Loyal Mid-Tier
C03758,40,8,731.12,3,New/Occasional
C03759,110,16,1310.93,1,At-Risk
C03760,99,9,698.28,3,New/Occasional
C03761,15,11,1020.09,3,New/Occasional
C03762,17,6,1668.85,3,New/Occasional
C03763,50,21,2470.32,0,Loyal Mid-Tier
C03764,23,19,2173.58,3,New/Occasional
C03765,25,12,1654.88,3,New/Occasional
C03766,115,22,621.52,1,At-Risk
C03767,49,2,101.53,3,New/Occasional
C03768,3,38,1902.77,0,Loyal Mid-Tier
C03769,7,16,686.95,3,New/Occasional
C03770,15,75,2740.4,0,Loyal Mid-Tier
C03771,67,23,4713.1,0,Loyal Mid-Tier
C03772,81,32,684.44,0,Loyal Mid-Tier
C03773,101,4,295.12,3,New/Occasional
C03774,202,16,1095.79,1,At-Risk
C03775,136,5,218.22,1,At-Risk
C03776,358,14,1138.24,1,At-Risk
C03777,36,4,87.15,3,New/Occasional
C03778,16,49,3467.49,0,Loyal Mid-Tier
C03779,29,9,383.36,3,New/Occasional
C03780,104,9,449.83,1,At-Risk
C03781,96,5,602.41,3,New/Occasional
C03782,47,4,314.78,3,New/Occasional
C03783,83,12,507.73,3,New/Occasional
C03784,97,16,574.23,3,New/Occasional
C03785,37,17,899.78,3,New/Occasional
C03786,119,45,2831.69,0,Loyal Mid-Tier
C03787,96,7,923.74,3,New/Occasional
C03788,15,3,55.32,3,New/Occasional
C03789,33,1,36.23,3,New/Occasional
C03790,181,1,75.29,1,At-Risk
C03791,7,4,408.27,3,New/Occasional
C03792,69,6,56.78,3,New/Occasional
C03793,43,6,469.92,3,New/Occasional
C03794,197,6,860.5,1,At-Risk
C03795,3,1,36.03,3,New/Occasional
C03796,129,22,882.57,1,At-Risk
C03797,25,29,919.07,0,Loyal Mid-Tier
C03798,14,30,6641.38,0,Loyal Mid-Tier
C03799,12,9,678.49,3,New/Occasional
C03800,24,2,30.63,3,New/Occasional
C03801,228,27,1767.95,1,At-Risk
C03802,28,5,34.95,3,New/Occasional
C03803,15,25,5787.78,0,Loyal Mid-Tier
C03804,46,36,5505.99,0,Loyal Mid-Tier
C03805,148,7,3165.85,1,At-Risk
C03806,304,25,929.72,1,At-Risk
C03807,63,5,349.61,3,New/Occasional
C03808,15,8,278.74,3,New/Occasional
C03809,53,7,677.65,3,New/Occasional
C03810,47,1,107.55,3,New/Occasional
C03811,128,7,814.14,1,At-Risk
C03812,66,1,51.71,3,New/Occasional
C03813,123,5,211.07,1,At-Risk
C03814,13,14,383.79,3,New/Occasional
C03815,45,27,2435.42,0,Loyal Mid-Tier
C03816,129,26,3245.81,1,At-Risk
C03817,10,19,905.63,3,New/Occasional
C03818,35,21,1704.17,3,New/Occasional
C03819,79,16,1110.8,3,New/Occasional
C03820,88,11,1186.45,3,New/Occasional
C03821,21,4,61.13,3,New/Occasional
C03822,152,14,597.02,1,At-Risk
C03823,11,14,674.68,3,New/Occasional
C03824,37,32,4781.9,0,Loyal Mid-Tier
C03825,33,2,119.76,3,New/Occasional
C03826,32,12,1261.84,3,New/Occasional
C03827,54,5,236.9,3,New/Occasional
C03828,30,16,705.62,3,New/Occasional
C03829,14,2,52.41,3,New/Occasional
C03830,124,20,3918.68,1,At-Risk
C03831,4,17,925.77,3,New/Occasional
C03832,33,29,14926.64,2,VIP
C03833,79,5,540.14,3,New/Occasional
C03834,111,52,5412.46,0,Loyal Mid-Tier
C03835,30,5,555.85,3,New/Occasional
C03836,146,8,596.45,1,At-Risk
C03837,145,3,128.56,1,At-Risk
C03838,14,15,1027.64,3,New/Occasional
C03839,31,34,2460.77,0,Loyal Mid-Tier
C03840,79,13,881.56,3,New/Occasional
C03841,31,22,2668.75,0,Loyal Mid-Tier
C03842,104,2,66.19,3,New/Occasional
C03843,110,1,58.86,1,At-Risk
C03844,43,37,1312.09,0,Loyal Mid-Tier
C03845,80,21,1219.7,3,New/Occasional
C03846,28,13,803.85,3,New/Occasional
C03847,47,21,6388.84,0,Loyal Mid-Tier
C03848,0,28,5349.42,0,Loyal Mid-Tier
C03849,3,41,1968.67,0,Loyal Mid-Tier
C03850,331,10,1015.27,1,At-Risk
C03851,5,20,1394.15,3,New/Occasional
C03852,54,17,2952.18,3,New/Occasional
C03853,14,15,523.07,3,New/Occasional
C03854,102,40,3041.94,0,Loyal Mid-Tier
C03855,6,22,2281.27,0,Loyal Mid-Tier
C03856,0,30,1684.48,0,Loyal Mid-Tier
C03857,159,12,803.95,1,At-Risk
C03858,53,10,544.84,3,New/Occasional
C03859,8,16,581.94,3,New/Occasional
C03860,60,1,65.6,3,New/Occasional
C03861,128,1,211.29,1,At-Risk
C03862,46,35,3751.38,0,Loyal Mid-Tier
C03863,68,1,148.86,3,New/Occasional
C03864,0,5,785.58,3,New/Occasional
C03865,164,7,2846.72,1,At-Risk
C03866,21,46,7897.73,2,VIP
C03867,101,10,449.45,3,New/Occasional
C03868,27,8,804.49,3,New/Occasional
C03869,19,23,654.49,3,New/Occasional
C03870,33,4,106.72,3,New/Occasional
C03871,6,28,2644.1,0,Loyal Mid-Tier
C03872,68,3,197.21,3,New/Occasional
C03873,7,34,2244.08,0,Loyal Mid-Tier
C03874,17,16,3268.88,3,New/Occasional
C03875,55,29,397.62,0,Loyal Mid-Tier
C03876,10,9,401.74,3,New/Occasional
C03877,15,31,2518.47,0,Loyal Mid-Tier
C03878,158,1,290.56,1,At-Risk
C03879,41,11,738.98,3,New/Occasional
C03880,18,11,981.82,3,New/Occasional
C03881,8,3,50.25,3,New/Occasional
C03882,39,9,519.59,3,New/Occasional
C03883,22,11,951.52,3,New/Occasional
C03884,215,24,2033.62,1,At-Risk
C03885,115,18,2299.93,1,At-Risk
C03886,10,30,16092.07,2,VIP
C03887,184,62,13613.93,2,VIP
C03888,7,2,72.41,3,New/Occasional
C03889,4,4,197.48,3,New/Occasional
C03890,35,14,5020.56,0,Loyal Mid-Tier
C03891,153,5,296.36,1,At-Risk
C03892,24,2,167.58,3,New/Occasional
C03893,4,3,97.05,3,New/Occasional
C03894,57,2,1191.88,3,New/Occasional
C03895,23,35,1831.18,0,Loyal Mid-Tier
C03896,52,4,328.28,3,New/Occasional
C03897,70,58,1532.91,0,Loyal Mid-Tier
C03898,46,14,399.33,3,New/Occasional
C03899,70,1,123.38,3,New/Occasional
C03900,50,8,362.83,3,New/Occasional
C03901,56,19,2525.76,3,New/Occasional
C03902,6,33,1788.62,0,Loyal Mid-Tier
C03903,7,3,714.65,3,New/Occasional
C03904,199,7,740.28,1,At-Risk
C03905,89,25,774.34,3,New/Occasional
C03906,2,36,2601.22,0,Loyal Mid-Tier
C03907,134,1,43.59,1,At-Risk
C03908,50,6,712.27,3,New/Occasional
C03909,264,23,1160.09,1,At-Risk
C03910,73,43,5253.05,0,Loyal Mid-Tier
C03911,48,8,532.17,3,New/Occasional
C03912,69,56,1627.62,0,Loyal Mid-Tier
C03913,24,19,3196.88,0,Loyal Mid-Tier
C03914,21,48,1978.51,0,Loyal Mid-Tier
C03915,19,4,180.95,3,New/Occasional
C03916,46,6,737.31,3,New/Occasional
C03917,99,40,1547.35,0,Loyal Mid-Tier
C03918,35,29,1695.88,0,Loyal Mid-Tier
C03919,221,55,1828.55,1,At-Risk
C03920,73,22,1187.2,3,New/Occasional
C03921,29,46,5224.51,0,Loyal Mid-Tier
C03922,8,12,529.68,3,New/Occasional
C03923,1,3,545.68,3,New/Occasional
C03924,167,1,81.57,1,At-Risk
C03925,36,7,845.22,3,New/Occasional
C03926,35,32,1739.84,0,Loyal Mid-Tier
C03927,15,4,313.28,3,New/Occasional
C03928,31,12,412.61,3,New/Occasional
C03929,77,19,2414.82,3,New/Occasional
C03930,10,30,2196.27,0,Loyal Mid-Tier
C03931,55,15,3072.84,3,New/Occasional
C03932,19,17,2552.33,3,New/Occasional
C03933,73,62,1576.38,0,Loyal Mid-Tier
C03934,21,10,553.26,3,New/Occasional
C03935,19,21,680.95,3,New/Occasional
C03936,3,10,1212.37,3,New/Occasional
C03937,42,30,3826.12,0,Loyal Mid-Tier
C03938,2,14,801.25,3,New/Occasional
C03939,141,9,1240.36,1,At-Risk
C03940,50,20,335.5,3,New/Occasional
C03941,7,33,1490.08,0,Loyal Mid-Tier
C03942,16,11,749.44,3,New/Occasional
C03943,189,24,566.23,1,At-Risk
C03944,102,28,510.82,1,At-Risk
C03945,75,8,112.9,3,New/Occasional
C03946,29,13,664.71,3,New/Occasional
C03947,157,47,4380.6,0,Loyal Mid-Tier
C03948,34,3,138.13,3,New/Occasional
C03949,45,7,498.35,3,New/Occasional
C03950,63,79,1834.84,0,Loyal Mid-Tier
C03951,110,20,4867.1,0,Loyal Mid-Tier
C03952,108,34,2675.66,0,Loyal Mid-Tier
C03953,83,35,3872.79,0,Loyal Mid-Tier
C03954,111,11,1571.66,1,At-Risk
C03955,76,10,406.12,3,New/Occasional
C03956,30,5,509.12,3,New/Occasional
C03957,27,3,157.96,3,New/Occasional
C03958,17,4,892.71,3,New/Occasional
C03959,0,6,380.96,3,New/Occasional
C03960,12,21,2494.29,0,Loyal Mid-Tier
C03961,10,28,2565.77,0,Loyal Mid-Tier
C03962,41,1,85.34,3,New/Occasional
C03963,42,12,554.68,3,New/Occasional
C03964,68,21,410.54,3,New/Occasional
C03965,58,2,116.89,3,New/Occasional
C03966,42,2,161.85,3,New/Occasional
C03967,9,6,2080.51,3,New/Occasional
C03968,4,15,1187.36,3,New/Occasional
C03969,56,42,1125.14,0,Loyal Mid-Tier
C03970,30,24,817.49,3,New/Occasional
C03971,1,27,5042.04,0,Loyal Mid-Tier
C03972,154,18,2332.74,1,At-Risk
C03973,39,3,278.53,3,New/Occasional
C03974,7,20,890.1,3,New/Occasional
C03975,37,12,2376.87,3,New/Occasional
C03976,10,36,1498.01,0,Loyal Mid-Tier
C03977,103,24,754.3,1,At-Risk
C03978,5,20,756.04,3,New/Occasional
C03979,170,18,931.97,1,At-Risk
C03980,26,45,1518.96,0,Loyal Mid-Tier
C03981,41,9,263.16,3,New/Occasional
C03982,107,77,5757.69,0,Loyal Mid-Tier
C03983,121,7,534.81,1,At-Risk
C03984,32,17,371.38,3,New/Occasional
C03985,158,21,1632.55,1,At-Risk
C03986,16,4,259.37,3,New/Occasional
C03987,120,23,2556.8,1,At-Risk
C03988,33,5,591.29,3,New/Occasional
C03989,54,13,1397.96,3,New/Occasional
C03990,46,15,877.78,3,New/Occasional
C03991,51,6,803.63,3,New/Occasional
C03992,105,10,926.76,1,At-Risk
C03993,7,3,544.86,3,New/Occasional
C03994,52,22,3314.56,0,Loyal Mid-Tier
C03995,50,3,120.19,3,New/Occasional
C03996,8,42,2416.12,0,Loyal Mid-Tier
C03997,6,25,1877.76,0,Loyal Mid-Tier
C03998,59,13,1602.75,3,New/Occasional
C03999,93,68,10646.11,2,VIP
C04000,18,20,1227.21,3,New/Occasional
C04001,81,40,1195.12,0,Loyal Mid-Tier
C04002,93,6,495.42,3,New/Occasional
C04003,14,6,341.29,3,New/Occasional
C04004,2,19,2168.66,3,New/Occasional
C04005,9,20,1137.46,3,New/Occasional
C04006,14,1,62.95,3,New/Occasional
C04007,20,7,115.13,3,New/Occasional
C04008,35,39,2452.67,0,Loyal Mid-Tier
C04009,48,9,739.94,3,New/Occasional
C04010,1,20,214.07,3,New/Occasional
C04011,4,54,3340.1,0,Loyal Mid-Tier
C04012,12,15,775.0,3,New/Occasional
C04013,29,1,58.15,3,New/Occasional
C04014,15,4,218.36,3,New/Occasional
C04015,15,1,70.74,3,New/Occasional
C04016,85,26,1583.35,0,Loyal Mid-Tier
C04017,35,17,4601.57,0,Loyal Mid-Tier
C04018,98,13,912.79,3,New/Occasional
C04019,28,25,1972.67,0,Loyal Mid-Tier
C04020,32,8,549.11,3,New/Occasional
C04021,18,10,473.45,3,New/Occasional
C04022,100,4,193.81,3,New/Occasional
C04023,57,42,1619.87,0,Loyal Mid-Tier
C04024,37,11,3672.68,3,New/Occasional
C04025,69,1,42.25,3,New/Occasional
C04026,35,18,3931.29,0,Loyal Mid-Tier
C04027,1,1,104.03,3,New/Occasional
C04028,49,16,1619.67,3,New/Occasional
C04029,14,20,1396.2,3,New/Occasional
C04030,118,1,27.64,1,At-Risk
C04031,53,10,1322.46,3,New/Occasional
C04032,90,19,775.06,3,New/Occasional
C04033,81,1,26.23,3,New/Occasional
C04034,9,7,381.29,3,New/Occasional
C04035,38,10,299.17,3,New/Occasional
C04036,194,5,213.93,1,At-Risk
C04037,75,17,2839.64,3,New/Occasional
C04038,101,25,1058.13,1,At-Risk
C04039,35,40,10424.42,2,VIP
C04040,297,18,1601.18,1,At-Risk
C04041,74,6,217.3,3,New/Occasional
C04042,44,2,187.29,3,New/Occasional
C04043,78,15,480.82,3,New/Occasional
C04044,43,17,1295.56,3,New/Occasional
C04045,72,36,2892.7,0,Loyal Mid-Tier
C04046,94,20,4100.1,0,Loyal Mid-Tier
C04047,45,4,273.85,3,New/Occasional
C04048,144,18,1560.08,1,At-Risk
C04049,3,48,5807.92,0,Loyal Mid-Tier
C04050,11,32,2005.75,0,Loyal Mid-Tier
C04051,49,14,1035.1,3,New/Occasional
C04052,51,23,3127.0,0,Loyal Mid-Tier
C04053,72,7,489.07,3,New/Occasional
C04054,17,2,756.65,3,New/Occasional
C04055,69,5,1075.52,3,New/Occasional
C04056,55,32,1571.5,0,Loyal Mid-Tier
C04057,59,2,146.11,3,New/Occasional
C04058,20,23,892.55,3,New/Occasional
C04059,33,12,162.52,3,New/Occasional
C04060,61,10,1983.83,3,New/Occasional
C04061,7,8,210.91,3,New/Occasional
C04062,163,11,492.96,1,At-Risk
C04063,29,36,1094.52,0,Loyal Mid-Tier
C04064,46,8,278.09,3,New/Occasional
C04065,13,5,237.11,3,New/Occasional
C04066,30,44,6530.71,0,Loyal Mid-Tier
C04067,122,5,553.61,1,At-Risk
C04068,26,3,1160.89,3,New/Occasional
C04069,31,15,1831.37,3,New/Occasional
C04070,32,2,347.51,3,New/Occasional
C04071,149,30,2774.62,1,At-Risk
C04072,20,3,101.42,3,New/Occasional
C04073,78,36,1519.75,0,Loyal Mid-Tier
C04074,108,8,369.65,1,At-Risk
C04075,15,25,423.99,3,New/Occasional
C04076,53,14,652.78,3,New/Occasional
C04077,58,2,224.34,3,New/Occasional
C04078,109,1,57.13,1,At-Risk
C04079,10,1,97.24,3,New/Occasional
C04080,37,18,927.52,3,New/Occasional
C04081,204,2,182.83,1,At-Risk
C04082,73,47,11418.43,2,VIP
C04083,152,2,108.25,1,At-Risk
C04084,7,5,482.64,3,New/Occasional
C04085,67,23,1083.41,3,New/Occasional
C04086,159,23,1417.15,1,At-Risk
C04087,85,7,410.67,3,New/Occasional
C04088,19,37,938.4,0,Loyal Mid-Tier
C04089,24,10,879.62,3,New/Occasional
C04090,122,12,3404.51,1,At-Risk
C04091,10,10,1311.71,3,New/Occasional
C04092,120,2,162.74,1,At-Risk
C04093,86,10,1394.58,3,New/Occasional
C04094,187,11,1154.59,1,At-Risk
C04095,59,12,1498.59,3,New/Occasional
C04096,36,50,2175.21,0,Loyal Mid-Tier
C04097,85,34,3846.66,0,Loyal Mid-Tier
C04098,0,1,50.99,3,New/Occasional
C04099,2,33,1695.22,0,Loyal Mid-Tier
C04100,102,1,282.14,3,New/Occasional
C04101,29,15,512.65,3,New/Occasional
C04102,16,8,408.62,3,New/Occasional
C04103,26,6,566.06,3,New/Occasional
C04104,24,3,165.05,3,New/Occasional
C04105,35,18,747.2,3,New/Occasional
C04106,11,6,2673.73,3,New/Occasional
C04107,101,13,630.44,1,At-Risk
C04108,21,21,4107.96,0,Loyal Mid-Tier
C04109,5,5,1553.81,3,New/Occasional
C04110,21,4,834.32,3,New/Occasional
C04111,4,43,3297.58,0,Loyal Mid-Tier
C04112,159,10,1866.16,1,At-Risk
C04113,2,14,1556.21,3,New/Occasional
C04114,108,50,5289.02,0,Loyal Mid-Tier
C04115,65,12,1631.92,3,New/Occasional
C04116,135,23,1454.81,1,At-Risk
C04117,68,21,1124.68,3,New/Occasional
C04118,60,22,2240.81,0,Loyal Mid-Tier
C04119,67,28,1825.15,0,Loyal Mid-Tier
C04120,30,9,1423.29,3,New/Occasional
C04121,50,41,2643.77,0,Loyal Mid-Tier
C04122,194,12,674.21,1,At-Risk
C04123,317,8,691.05,1,At-Risk
C04124,110,19,5093.92,0,Loyal Mid-Tier
C04125,2,9,1698.95,3,New/Occasional
C04126,67,7,264.12,3,New/Occasional
C04127,50,64,4333.31,0,Loyal Mid-Tier
C04128,10,60,2036.85,0,Loyal Mid-Tier
C04129,34,10,648.93,3,New/Occasional
C04130,180,51,7623.46,2,VIP
C04131,60,20,1577.61,3,New/Occasional
C04132,207,22,4040.91,1,At-Risk
C04133,9,18,801.17,3,New/Occasional
C04134,26,23,405.95,3,New/Occasional
C04135,126,17,1088.61,1,At-Risk
C04136,32,33,3731.14,0,Loyal Mid-Tier
C04137,76,1,69.05,3,New/Occasional
C04138,199,29,6979.46,1,At-Risk
C04139,5,5,513.37,3,New/Occasional
C04140,44,7,1031.03,3,New/Occasional
C04141,18,3,403.63,3,New/Occasional
C04142,5,56,3206.1,0,Loyal Mid-Tier
C04143,11,46,3318.6,0,Loyal Mid-Tier
C04144,20,32,2009.2,0,Loyal Mid-Tier
C04145,16,3,383.89,3,New/Occasional
C04146,33,34,1500.52,0,Loyal Mid-Tier
C04147,74,3,342.5,3,New/Occasional
C04148,16,13,841.69,3,New/Occasional
C04149,49,9,678.69,3,New/Occasional
C04150,30,6,485.94,3,New/Occasional
C04151,13,13,1922.45,3,New/Occasional
C04152,134,20,968.05,1,At-Risk
C04153,18,54,4732.75,0,Loyal Mid-Tier
C04154,1,24,5054.67,0,Loyal Mid-Tier
C04155,52,39,6209.32,0,Loyal Mid-Tier
C04156,19,6,751.35,3,New/Occasional
C04157,93,9,373.35,3,New/Occasional
C04158,25,36,3818.78,0,Loyal Mid-Tier
C04159,118,4,83.46,1,At-Risk
C04160,177,8,590.4,1,At-Risk
C04161,164,73,9837.21,2,VIP
C04162,11,30,6404.47,0,Loyal Mid-Tier
C04163,115,12,673.41,1,At-Risk
C04164,67,12,1074.65,3,New/Occasional
C04165,90,1,44.69,3,New/Occasional
C04166,90,2,101.06,3,New/Occasional
C04167,61,6,1320.06,3,New/Occasional
C04168,26,1,66.9,3,New/Occasional
C04169,31,6,943.5,3,New/Occasional
C04170,148,4,910.74,1,At-Risk
C04171,27,10,1198.7,3,New/Occasional
C04172,15,3,375.43,3,New/Occasional
C04173,22,3,188.09,3,New/Occasional
C04174,12,6,795.04,3,New/Occasional
C04175,77,2,103.17,3,New/Occasional
C04176,66,47,2014.35,0,Loyal Mid-Tier
C04177,14,14,376.69,3,New/Occasional
C04178,82,6,166.0,3,New/Occasional
C04179,32,1,17.94,3,New/Occasional
C04180,26,17,3918.2,0,Loyal Mid-Tier
C04181,9,11,553.61,3,New/Occasional
C04182,186,11,1044.69,1,At-Risk
C04183,54,4,75.48,3,New/Occasional
C04184,34,9,645.04,3,New/Occasional
C04185,40,10,627.67,3,New/Occasional
C04186,90,41,3630.93,0,Loyal Mid-Tier
C04187,0,1,109.74,3,New/Occasional
C04188,12,7,473.97,3,New/Occasional
C04189,120,33,3742.96,0,Loyal Mid-Tier
C04190,4,5,346.39,3,New/Occasional
C04191,104,2,59.71,3,New/Occasional
C04192,85,4,255.89,3,New/Occasional
C04193,9,19,930.53,3,New/Occasional
C04194,1,53,3114.34,0,Loyal Mid-Tier
C04195,15,1,164.35,3,New/Occasional
C04196,100,3,375.84,3,New/Occasional
C04197,92,16,871.63,3,New/Occasional
C04198,24,66,1316.36,0,Loyal Mid-Tier
C04199,110,21,1918.3,1,At-Risk
C04200,150,11,904.23,1,At-Risk
C04201,90,11,950.37,3,New/Occasional
C04202,61,9,168.7,3,New/Occasional
C04203,130,52,2402.15,0,Loyal Mid-Tier
C04204,6,7,379.39,3,New/Occasional
C04205,116,39,3864.18,0,Loyal Mid-Tier
C04206,8,9,581.31,3,New/Occasional
C04207,8,6,595.68,3,New/Occasional
C04208,34,14,753.97,3,New/Occasional
C04209,33,39,3282.88,0,Loyal Mid-Tier
C04210,158,5,316.16,1,At-Risk
C04211,33,3,95.45,3,New/Occasional
C04212,59,4,100.74,3,New/Occasional
C04213,135,13,855.13,1,At-Risk
C04214,38,18,89.99,3,New/Occasional
C04215,10,8,148.64,3,New/Occasional
C04216,23,21,1350.76,3,New/Occasional
C04217,17,2,87.9,3,New/Occasional
C04218,37,5,201.53,3,New/Occasional
C04219,74,12,963.66,3,New/Occasional
C04220,51,4,1007.04,3,New/Occasional
C04221,96,17,842.88,3,New/Occasional
C04222,140,14,428.56,1,At-Risk
C04223,47,2,238.26,3,New/Occasional
C04224,24,21,1044.51,3,New/Occasional
C04225,3,12,757.48,3,New/Occasional
C04226,139,14,506.66,1,At-Risk
C04227,44,24,5325.73,0,Loyal Mid-Tier
C04228,110,5,2175.22,1,At-Risk
C04229,19,24,633.93,3,New/Occasional
C04230,75,46,1586.14,0,Loyal Mid-Tier
C04231,246,5,299.13,1,At-Risk
C04232,61,14,141.35,3,New/Occasional
C04233,3,5,173.37,3,New/Occasional
C04234,23,2,108.66,3,New/Occasional
C04235,90,7,826.5,3,New/Occasional
C04236,14,25,460.32,3,New/Occasional
C04237,63,16,608.69,3,New/Occasional
C04238,81,28,2362.98,0,Loyal Mid-Tier
C04239,1,5,660.67,3,New/Occasional
C04240,1,35,2576.24,0,Loyal Mid-Tier
C04241,59,21,1420.17,3,New/Occasional
C04242,10,13,855.29,3,New/Occasional
C04243,34,48,4824.49,0,Loyal Mid-Tier
C04244,22,22,3106.85,0,Loyal Mid-Tier
C04245,18,31,800.69,0,Loyal Mid-Tier
C04246,0,20,429.38,3,New/Occasional
C04247,121,7,446.94,1,At-Risk
C04248,77,19,2663.09,3,New/Occasional
C04249,94,22,624.44,3,New/Occasional
C04250,46,3,100.33,3,New/Occasional
C04251,11,24,12740.31,2,VIP
C04252,3,4,115.36,3,New/Occasional
C04253,17,2,152.94,3,New/Occasional
C04254,43,15,1801.21,3,New/Occasional
C04255,49,2,49.77,3,New/Occasional
C04256,23,38,849.6,0,Loyal Mid-Tier
C04257,135,11,2881.04,1,At-Risk
C04258,27,5,306.99,3,New/Occasional
C04259,31,27,1111.32,0,Loyal Mid-Tier
C04260,4,12,1038.42,3,New/Occasional
C04261,51,3,346.03,3,New/Occasional
C04262,17,38,1003.46,0,Loyal Mid-Tier
C04263,24,43,2180.05,0,Loyal Mid-Tier
C04264,18,7,430.84,3,New/Occasional
C04265,54,18,468.21,3,New/Occasional
C04266,222,1,260.74,1,At-Risk
C04267,28,53,1139.7,0,Loyal Mid-Tier
C04268,68,1,130.11,3,New/Occasional
C04269,10,3,213.82,3,New/Occasional
C04270,5,11,341.85,3,New/Occasional
C04271,111,58,3841.86,0,Loyal Mid-Tier
C04272,6,5,146.9,3,New/Occasional
C04273,64,5,319.39,3,New/Occasional
C04274,111,11,281.18,1,At-Risk
C04275,13,31,2541.86,0,Loyal Mid-Tier
C04276,3,5,102.97,3,New/Occasional
C04277,35,9,411.92,3,New/Occasional
C04278,5,28,3974.18,0,Loyal Mid-Tier
C04279,99,1,105.77,3,New/Occasional
C04280,1,15,366.8,3,New/Occasional
C04281,43,4,648.41,3,New/Occasional
C04282,14,7,494.86,3,New/Occasional
C04283,7,19,1594.62,3,New/Occasional
C04284,20,36,2845.27,0,Loyal Mid-Tier
C04285,24,11,191.81,3,New/Occasional
C04286,39,1,80.51,3,New/Occasional
C04287,53,2,52.65,3,New/Occasional
C04288,220,2,30.06,1,At-Risk
C04289,36,17,1372.97,3,New/Occasional
C04290,23,26,1289.14,0,Loyal Mid-Tier
C04291,5,1,122.6,3,New/Occasional
C04292,139,40,1694.51,0,Loyal Mid-Tier
C04293,68,2,99.09,3,New/Occasional
C04294,36,1,82.51,3,New/Occasional
C04295,121,23,1308.07,1,At-Risk
C04296,97,10,1662.18,3,New/Occasional
C04297,8,5,334.42,3,New/Occasional
C04298,97,13,2920.49,1,At-Risk
C04299,44,2,131.78,3,New/Occasional
C04300,26,17,2444.11,3,New/Occasional
C04301,31,3,168.93,3,New/Occasional
C04302,38,30,2350.71,0,Loyal Mid-Tier
C04303,75,6,1835.32,3,New/Occasional
C04304,67,16,1317.52,3,New/Occasional
C04305,16,8,345.27,3,New/Occasional
C04306,7,1,53.07,3,New/Occasional
C04307,0,8,468.14,3,New/Occasional
C04308,65,15,4080.52,0,Loyal Mid-Tier
C04309,51,2,23.9,3,New/Occasional
C04310,10,24,258.51,3,New/Occasional
C04311,10,6,1072.34,3,New/Occasional
C04312,20,4,75.53,3,New/Occasional
C04313,1,1,57.19,3,New/Occasional
C04314,16,1,29.06,3,New/Occasional
C04315,133,5,450.2,1,At-Risk
C04316,10,28,2020.5,0,Loyal Mid-Tier
C04317,82,12,3066.15,3,New/Occasional
C04318,29,14,2578.04,3,New/Occasional
C04319,100,12,1180.36,1,At-Risk
C04320,49,6,424.87,3,New/Occasional
C04321,155,11,505.43,1,At-Risk
C04322,65,2,77.99,3,New/Occasional
C04323,97,52,3595.18,0,Loyal Mid-Tier
C04324,188,27,1503.95,1,At-Risk
C04325,9,37,1005.31,0,Loyal Mid-Tier
C04326,31,26,3589.81,0,Loyal Mid-Tier
C04327,66,7,215.5,3,New/Occasional
C04328,62,17,785.17,3,New/Occasional
C04329,134,25,1246.8,1,At-Risk
C04330,46,9,1261.12,3,New/Occasional
C04331,7,2,483.28,3,New/Occasional
C04332,33,9,1420.71,3,New/Occasional
C04333,2,14,557.14,3,New/Occasional
C04334,36,9,204.26,3,New/Occasional
C04335,93,3,273.02,3,New/Occasional
C04336,15,2,120.97,3,New/Occasional
C04337,15,23,2702.77,0,Loyal Mid-Tier
C04338,31,29,6896.82,0,Loyal Mid-Tier
C04339,160,19,2670.44,1,At-Risk
C04340,4,6,331.5,3,New/Occasional
C04341,15,24,1994.83,0,Loyal Mid-Tier
C04342,23,11,3119.18,3,New/Occasional
C04343,7,3,679.51,3,New/Occasional
C04344,3,4,396.29,3,New/Occasional
C04345,58,6,510.03,3,New/Occasional
C04346,108,1,43.06,1,At-Risk
C04347,63,21,1981.42,3,New/Occasional
C04348,37,56,9856.99,2,VIP
C04349,32,5,191.0,3,New/Occasional
C04350,35,3,219.89,3,New/Occasional
C04351,246,4,185.9,1,At-Risk
C04352,60,8,1549.45,3,New/Occasional
C04353,126,16,636.36,1,At-Risk
C04354,20,32,5440.07,0,Loyal Mid-Tier
C04355,20,38,3048.91,0,Loyal Mid-Tier
C04356,77,25,1080.13,0,Loyal Mid-Tier
C04357,136,4,211.57,1,At-Risk
C04358,28,18,2392.1,3,New/Occasional
C04359,30,4,377.21,3,New/Occasional
C04360,33,46,6412.91,0,Loyal Mid-Tier
C04361,31,17,3313.87,3,New/Occasional
C04362,100,12,380.46,3,New/Occasional
C04363,26,14,3139.34,3,New/Occasional
C04364,170,13,3645.69,1,At-Risk
C04365,35,10,175.84,3,New/Occasional
C04366,14,16,543.61,3,New/Occasional
C04367,10,35,2691.96,0,Loyal Mid-Tier
C04368,41,16,1009.6,3,New/Occasional
C04369,141,5,128.21,1,At-Risk
C04370,174,13,2932.69,1,At-Risk
C04371,3,3,174.75,3,New/Occasional
C04372,64,3,87.82,3,New/Occasional
C04373,27,10,447.38,3,New/Occasional
C04374,28,10,377.23,3,New/Occasional
C04375,41,12,633.82,3,New/Occasional
C04376,262,1,162.88,1,At-Risk
C04377,30,14,1528.31,3,New/Occasional
C04378,16,6,50.89,3,New/Occasional
C04379,28,10,676.1,3,New/Occasional
C04380,3,6,67.81,3,New/Occasional
C04381,158,2,218.03,1,At-Risk
C04382,45,13,1693.64,3,New/Occasional
C04383,7,1,106.83,3,New/Occasional
C04384,126,8,589.97,1,At-Risk
C04385,10,8,320.27,3,New/Occasional
C04386,96,2,603.65,3,New/Occasional
C04387,211,51,4577.68,0,Loyal Mid-Tier
C04388,52,17,1382.73,3,New/Occasional
C04389,88,22,128.88,3,New/Occasional
C04390,49,8,897.97,3,New/Occasional
C04391,6,17,606.19,3,New/Occasional
C04392,14,9,1066.72,3,New/Occasional
C04393,87,27,671.97,0,Loyal Mid-Tier
C04394,128,34,3241.73,0,Loyal Mid-Tier
C04395,272,37,1270.59,1,At-Risk
C04396,154,15,417.06,1,At-Risk
C04397,141,5,224.31,1,At-Risk
C04398,43,64,9436.41,2,VIP
C04399,22,5,676.87,3,New/Occasional
C04400,75,5,397.25,3,New/Occasional
C04401,38,31,1706.15,0,Loyal Mid-Tier
C04402,5,47,1162.05,0,Loyal Mid-Tier
C04403,79,23,3603.84,0,Loyal Mid-Tier
C04404,48,9,861.49,3,New/Occasional
C04405,74,10,390.14,3,New/Occasional
C04406,10,30,3423.66,0,Loyal Mid-Tier
C04407,76,12,7078.83,0,Loyal Mid-Tier
C04408,48,5,267.75,3,New/Occasional
C04409,52,3,211.57,3,New/Occasional
C04410,9,43,6391.11,0,Loyal Mid-Tier
C04411,5,37,10392.95,2,VIP
C04412,49,3,122.69,3,New/Occasional
C04413,43,8,428.33,3,New/Occasional
C04414,124,8,250.68,1,At-Risk
C04415,45,21,1573.17,3,New/Occasional
C04416,35,1,377.32,3,New/Occasional
C04417,28,4,414.9,3,New/Occasional
C04418,29,18,3254.43,0,Loyal Mid-Tier
C04419,11,8,461.93,3,New/Occasional
C04420,54,26,1657.41,0,Loyal Mid-Tier
C04421,12,2,169.62,3,New/Occasional
C04422,84,3,366.98,3,New/Occasional
C04423,0,13,2863.41,3,New/Occasional
C04424,23,71,3337.71,0,Loyal Mid-Tier
C04425,125,2,323.04,1,At-Risk
C04426,2,19,2090.24,3,New/Occasional
C04427,41,5,398.21,3,New/Occasional
C04428,43,40,935.64,0,Loyal Mid-Tier
C04429,126,8,287.52,1,At-Risk
C04430,86,5,1145.17,3,New/Occasional
C04431,9,2,183.7,3,New/Occasional
C04432,26,67,61282.48,2,VIP
C04433,26,30,840.23,0,Loyal Mid-Tier
C04434,88,20,998.37,3,New/Occasional
C04435,51,17,153.93,3,New/Occasional
C04436,122,3,575.77,1,At-Risk
C04437,124,11,917.15,1,At-Risk
C04438,181,33,1001.09,1,At-Risk
C04439,75,13,547.25,3,New/Occasional
C04440,29,3,1426.44,3,New/Occasional
C04441,82,28,1848.48,0,Loyal Mid-Tier
C04442,11,38,7175.41,0,Loyal Mid-Tier
C04443,44,17,4122.83,0,Loyal Mid-Tier
C04444,88,8,560.24,3,New/Occasional
C04445,28,11,2960.55,3,New/Occasional
C04446,106,9,8470.38,2,VIP
C04447,96,17,1157.8,3,New/Occasional
C04448,29,10,254.63,3,New/Occasional
C04449,122,39,3584.69,0,Loyal Mid-Tier
C04450,12,7,251.53,3,New/Occasional
C04451,128,20,5149.32,1,At-Risk
C04452,231,11,923.78,1,At-Risk
C04453,121,11,884.25,1,At-Risk
C04454,238,28,3836.0,1,At-Risk
C04455,141,1,60.41,1,At-Risk
C04456,1,21,854.42,3,New/Occasional
C04457,99,11,553.74,3,New/Occasional
C04458,5,8,978.04,3,New/Occasional
C04459,27,47,3155.29,0,Loyal Mid-Tier
C04460,23,4,350.93,3,New/Occasional
C04461,251,15,547.08,1,At-Risk
C04462,120,29,1235.03,1,At-Risk
C04463,132,37,2117.1,0,Loyal Mid-Tier
C04464,5,20,1006.06,3,New/Occasional
C04465,70,2,68.3,3,New/Occasional
C04466,18,10,512.92,3,New/Occasional
C04467,56,32,1210.75,0,Loyal Mid-Tier
C04468,67,23,2383.8,0,Loyal Mid-Tier
C04469,275,4,460.03,1,At-Risk
C04470,47,13,903.79,3,New/Occasional
C04471,43,30,3027.09,0,Loyal Mid-Tier
C04472,2,15,2328.2,3,New/Occasional
C04473,163,38,4029.28,0,Loyal Mid-Tier
C04474,15,36,6939.38,0,Loyal Mid-Tier
C04475,113,10,900.53,1,At-Risk
C04476,0,7,474.71,3,New/Occasional
C04477,21,23,1495.03,3,New/Occasional
C04478,30,42,2610.0,0,Loyal Mid-Tier
C04479,247,8,325.79,1,At-Risk
C04480,50,4,531.58,3,New/Occasional
C04481,4,21,1121.49,3,New/Occasional
C04482,120,19,3078.32,1,At-Risk
C04483,92,29,1452.8,0,Loyal Mid-Tier
C04484,24,11,767.68,3,New/Occasional
C04485,205,32,2187.28,1,At-Risk
C04486,2,3,531.23,3,New/Occasional
C04487,22,11,338.88,3,New/Occasional
C04488,4,10,542.11,3,New/Occasional
C04489,30,43,4972.68,0,Loyal Mid-Tier
C04490,1,34,9072.05,2,VIP
C04491,58,1,40.86,3,New/Occasional
C04492,43,2,132.97,3,New/Occasional
C04493,60,3,178.38,3,New/Occasional
C04494,6,24,1949.02,0,Loyal Mid-Tier
C04495,43,20,1244.45,3,New/Occasional
C04496,125,5,203.5,1,At-Risk
C04497,48,22,2124.32,0,Loyal Mid-Tier
C04498,126,11,1382.98,1,At-Risk
C04499,85,9,900.13,3,New/Occasional
C04500,32,5,193.77,3,New/Occasional
C04501,80,18,860.0,3,New/Occasional
C04502,34,39,8165.09,2,VIP
C04503,54,29,6050.2,0,Loyal Mid-Tier
C04504,81,19,1717.63,3,New/Occasional
C04505,42,20,748.03,3,New/Occasional
C04506,92,28,2792.82,0,Loyal Mid-Tier
C04507,134,55,2892.05,0,Loyal Mid-Tier
C04508,31,10,848.92,3,New/Occasional
C04509,36,34,1022.46,0,Loyal Mid-Tier
C04510,9,5,1155.42,3,New/Occasional
C04511,24,10,496.75,3,New/Occasional
C04512,179,3,167.89,1,At-Risk
C04513,17,9,548.89,3,New/Occasional
C04514,0,5,673.97,3,New/Occasional
C04515,28,6,468.32,3,New/Occasional
C04516,26,54,3304.04,0,Loyal Mid-Tier
C04517,333,8,251.22,1,At-Risk
C04518,123,14,1357.32,1,At-Risk
C04519,49,3,161.47,3,New/Occasional
C04520,239,3,252.9,1,At-Risk
C04521,10,38,4272.39,0,Loyal Mid-Tier
C04522,31,21,389.18,3,New/Occasional
C04523,17,21,1644.99,3,New/Occasional
C04524,7,21,630.66,3,New/Occasional
C04525,5,23,908.34,3,New/Occasional
C04526,5,7,317.2,3,New/Occasional
C04527,95,2,147.23,3,New/Occasional
C04528,80,2,255.85,3,New/Occasional
C04529,58,12,1174.55,3,New/Occasional
C04530,45,1,99.91,3,New/Occasional
C04531,64,43,1603.87,0,Loyal Mid-Tier
C04532,2,17,1921.64,3,New/Occasional
C04533,51,5,428.99,3,New/Occasional
C04534,197,25,6541.22,1,At-Risk
C04535,125,46,1736.39,0,Loyal Mid-Tier
C04536,30,19,1392.54,3,New/Occasional
C04537,72,31,4495.67,0,Loyal Mid-Tier
C04538,0,9,996.23,3,New/Occasional
C04539,77,5,387.11,3,New/Occasional
C04540,126,6,764.12,1,At-Risk
C04541,19,4,494.34,3,New/Occasional
C04542,25,30,5385.99,0,Loyal Mid-Tier
C04543,21,24,5740.44,0,Loyal Mid-Tier
C04544,2,2,120.01,3,New/Occasional
C04545,10,12,715.51,3,New/Occasional
C04546,182,20,1434.07,1,At-Risk
C04547,18,48,1595.05,0,Loyal Mid-Tier
C04548,34,19,1497.49,3,New/Occasional
C04549,64,8,407.07,3,New/Occasional
C04550,136,12,784.47,1,At-Risk
C04551,84,2,58.67,3,New/Occasional
C04552,24,2,143.99,3,New/Occasional
C04553,9,1,81.96,3,New/Occasional
C04554,21,4,127.03,3,New/Occasional
C04555,39,7,690.2,3,New/Occasional
C04556,215,18,1213.27,1,At-Risk
C04557,2,47,2817.04,0,Loyal Mid-Tier
C04558,30,17,1476.0,3,New/Occasional
C04559,10,19,1006.59,3,New/Occasional
C04560,41,1,261.5,3,New/Occasional
C04561,17,9,470.08,3,New/Occasional
C04562,30,6,279.67,3,New/Occasional
C04563,22,26,1127.26,0,Loyal Mid-Tier
C04564,12,6,385.66,3,New/Occasional
C04565,42,1,34.55,3,New/Occasional
C04566,77,6,120.33,3,New/Occasional
C04567,58,1,305.13,3,New/Occasional
C04568,77,14,1944.45,3,New/Occasional
C04569,99,6,188.81,3,New/Occasional
C04570,126,21,2683.18,1,At-Risk
C04571,70,16,2724.58,3,New/Occasional
C04572,111,6,623.63,1,At-Risk
C04573,96,67,1900.06,0,Loyal Mid-Tier
C04574,32,32,1194.78,0,Loyal Mid-Tier
C04575,64,17,2312.14,3,New/Occasional
C04576,6,24,8334.81,2,VIP
C04577,44,23,1411.27,3,New/Occasional
C04578,21,9,96.57,3,New/Occasional
C04579,3,1,78.54,3,New/Occasional
C04580,55,5,174.16,3,New/Occasional
C04581,0,4,99.99,3,New/Occasional
C04582,8,10,68.4,3,New/Occasional
C04583,94,12,1198.09,3,New/Occasional
C04584,87,17,1589.63,3,New/Occasional
C04585,333,21,2065.46,1,At-Risk
C04586,23,9,943.31,3,New/Occasional
C04587,52,6,1513.43,3,New/Occasional
C04588,29,24,3338.02,0,Loyal Mid-Tier
C04589,74,34,6286.34,0,Loyal Mid-Tier
C04590,10,2,102.63,3,New/Occasional
C04591,26,21,3580.3,0,Loyal Mid-Tier
C04592,0,17,1067.12,3,New/Occasional
C04593,40,7,813.55,3,New/Occasional
C04594,45,10,1286.85,3,New/Occasional
C04595,95,13,669.11,3,New/Occasional
C04596,108,1,69.65,1,At-Risk
C04597,27,12,2220.12,3,New/Occasional
C04598,26,11,483.55,3,New/Occasional
C04599,20,11,389.2,3,New/Occasional
C04600,21,43,2365.72,0,Loyal Mid-Tier
C04601,2,6,213.51,3,New/Occasional
C04602,167,11,762.44,1,At-Risk
C04603,75,4,281.05,3,New/Occasional
C04604,55,10,369.35,3,New/Occasional
C04605,2,21,588.85,3,New/Occasional
C04606,4,17,224.18,3,New/Occasional
C04607,48,6,385.04,3,New/Occasional
C04608,97,14,2851.06,1,At-Risk
C04609,42,3,315.01,3,New/Occasional
C04610,114,7,2234.43,1,At-Risk
C04611,70,19,991.77,3,New/Occasional
C04612,119,6,798.25,1,At-Risk
C04613,63,10,418.4,3,New/Occasional
C04614,145,8,330.93,1,At-Risk
C04615,24,3,249.24,3,New/Occasional
C04616,90,10,308.62,3,New/Occasional
C04617,176,8,523.94,1,At-Risk
C04618,84,16,689.63,3,New/Occasional
C04619,15,28,3769.83,0,Loyal Mid-Tier
C04620,7,5,558.5,3,New/Occasional
C04621,64,3,455.92,3,New/Occasional
C04622,115,1,177.5,1,At-Risk
C04623,32,44,6908.4,0,Loyal Mid-Tier
C04624,14,20,1574.5,3,New/Occasional
C04625,48,10,676.25,3,New/Occasional
C04626,3,5,1127.25,3,New/Occasional
C04627,19,37,1621.45,0,Loyal Mid-Tier
C04628,56,5,500.69,3,New/Occasional
C04629,9,21,838.0,3,New/Occasional
C04630,39,16,998.7,3,New/Occasional
C04631,4,5,1218.15,3,New/Occasional
C04632,222,18,1081.38,1,At-Risk
C04633,54,3,141.98,3,New/Occasional
C04634,195,43,4748.97,0,Loyal Mid-Tier
C04635,249,6,351.64,1,At-Risk
C04636,25,15,714.06,3,New/Occasional
C04637,1,13,944.52,3,New/Occasional
C04638,4,3,253.28,3,New/Occasional
C04639,82,10,2870.15,3,New/Occasional
C04640,68,5,561.94,3,New/Occasional
C04641,123,20,2775.68,1,At-Risk
C04642,153,14,958.24,1,At-Risk
C04643,10,13,583.26,3,New/Occasional
C04644,59,18,1653.75,3,New/Occasional
C04645,61,1,178.64,3,New/Occasional
C04646,90,16,2381.41,3,New/Occasional
C04647,36,23,1983.56,0,Loyal Mid-Tier
C04648,4,8,350.84,3,New/Occasional
C04649,120,15,348.25,1,At-Risk
C04650,88,2,170.94,3,New/Occasional
C04651,1,14,1757.19,3,New/Occasional
C04652,70,23,1649.13,0,Loyal Mid-Tier
C04653,101,7,463.6,3,New/Occasional
C04654,81,17,1601.01,3,New/Occasional
C04655,105,22,2982.18,0,Loyal Mid-Tier
C04656,77,59,6390.24,0,Loyal Mid-Tier
C04657,55,12,1251.21,3,New/Occasional
C04658,33,4,374.9,3,New/Occasional
C04659,9,15,829.63,3,New/Occasional
C04660,93,25,4580.68,0,Loyal Mid-Tier
C04661,136,4,324.86,1,At-Risk
C04662,57,5,568.92,3,New/Occasional
C04663,19,9,1281.29,3,New/Occasional
C04664,5,8,1370.7,3,New/Occasional
C04665,90,15,926.75,3,New/Occasional
C04666,67,6,1298.27,3,New/Occasional
C04667,10,7,200.69,3,New/Occasional
C04668,38,2,59.72,3,New/Occasional
C04669,25,9,572.07,3,New/Occasional
C04670,31,76,7726.36,2,VIP
C04671,30,6,173.58,3,New/Occasional
C04672,29,14,4000.88,3,New/Occasional
C04673,51,1,133.16,3,New/Occasional
C04674,50,21,635.56,3,New/Occasional
C04675,30,3,389.53,3,New/Occasional
C04676,91,2,76.01,3,New/Occasional
C04677,28,15,2465.26,3,New/Occasional
C04678,113,5,680.24,1,At-Risk
C04679,48,23,1955.09,0,Loyal Mid-Tier
C04680,31,26,2159.18,0,Loyal Mid-Tier
C04681,230,17,876.51,1,At-Risk
C04682,8,23,3358.15,0,Loyal Mid-Tier
C04683,99,3,162.3,3,New/Occasional
C04684,58,43,939.0,0,Loyal Mid-Tier
C04685,5,17,464.52,3,New/Occasional
C04686,340,4,327.6,1,At-Risk
C04687,7,7,648.31,3,New/Occasional
C04688,87,46,2607.11,0,Loyal Mid-Tier
C04689,31,30,2868.94,0,Loyal Mid-Tier
C04690,42,6,335.02,3,New/Occasional
C04691,51,52,1777.01,0,Loyal Mid-Tier
C04692,1,2,103.16,3,New/Occasional
C04693,36,6,157.07,3,New/Occasional
C04694,23,2,238.95,3,New/Occasional
C04695,81,3,309.24,3,New/Occasional
C04696,5,5,198.35,3,New/Occasional
C04697,50,2,918.91,3,New/Occasional
C04698,84,16,1825.48,3,New/Occasional
C04699,0,7,915.23,3,New/Occasional
C04700,126,4,428.03,1,At-Risk
C04701,75,13,3362.84,3,New/Occasional
C04702,26,17,2888.18,3,New/Occasional
C04703,112,4,103.66,1,At-Risk
C04704,59,8,788.98,3,New/Occasional
C04705,270,5,246.12,1,At-Risk
C04706,15,7,471.47,3,New/Occasional
C04707,187,6,331.01,1,At-Risk
C04708,145,13,1335.81,1,At-Risk
C04709,7,16,894.89,3,New/Occasional
C04710,29,1,100.63,3,New/Occasional
C04711,91,5,584.59,3,New/Occasional
C04712,164,62,6486.52,2,VIP
C04713,76,10,115.69,3,New/Occasional
C04714,31,21,3999.66,0,Loyal Mid-Tier
C04715,292,4,224.69,1,At-Risk
C04716,24,17,1945.22,3,New/Occasional
C04717,187,16,931.37,1,At-Risk
C04718,12,14,1149.27,3,New/Occasional
C04719,337,34,630.8,1,At-Risk
C04720,53,4,1445.03,3,New/Occasional
C04721,11,28,2110.76,0,Loyal Mid-Tier
C04722,60,1,48.91,3,New/Occasional
C04723,51,37,1722.11,0,Loyal Mid-Tier
C04724,12,7,680.46,3,New/Occasional
C04725,34,6,213.51,3,New/Occasional
C04726,111,18,967.65,1,At-Risk
C04727,66,3,107.67,3,New/Occasional
C04728,36,3,232.13,3,New/Occasional
C04729,10,16,993.32,3,New/Occasional
C04730,0,26,3773.45,0,Loyal Mid-Tier
C04731,81,4,150.97,3,New/Occasional
C04732,38,1,40.62,3,New/Occasional
C04733,20,11,856.4,3,New/Occasional
C04734,26,21,1104.21,3,New/Occasional
C04735,102,27,3478.74,0,Loyal Mid-Tier
C04736,46,42,3501.25,0,Loyal Mid-Tier
C04737,125,21,1784.28,1,At-Risk
C04738,85,18,778.18,3,New/Occasional
C04739,13,14,1729.1,3,New/Occasional
C04740,61,24,997.46,3,New/Occasional
C04741,126,14,421.16,1,At-Risk
C04742,80,28,3687.5,0,Loyal Mid-Tier
C04743,11,25,2053.42,0,Loyal Mid-Tier
C04744,385,45,5141.76,1,At-Risk
C04745,14,6,1052.74,3,New/Occasional
C04746,0,1,150.28,3,New/Occasional
C04747,64,32,2669.99,0,Loyal Mid-Tier
C04748,66,1,30.11,3,New/Occasional
C04749,51,9,431.2,3,New/Occasional
C04750,7,6,364.5,3,New/Occasional
C04751,39,8,738.3,3,New/Occasional
C04752,97,6,654.08,3,New/Occasional
C04753,33,7,648.61,3,New/Occasional
C04754,61,22,1947.64,3,New/Occasional
C04755,162,60,3773.24,0,Loyal Mid-Tier
C04756,38,6,1076.94,3,New/Occasional
C04757,5,2,187.47,3,New/Occasional
C04758,97,10,1216.42,3,New/Occasional
C04759,54,14,465.44,3,New/Occasional
C04760,24,1,41.5,3,New/Occasional
C04761,13,6,346.27,3,New/Occasional
C04762,56,1,51.09,3,New/Occasional
C04763,9,6,187.24,3,New/Occasional
C04764,107,37,780.63,0,Loyal Mid-Tier
C04765,4,3,53.92,3,New/Occasional
C04766,119,27,730.94,1,At-Risk
C04767,57,10,315.83,3,New/Occasional
C04768,73,19,2121.13,3,New/Occasional
C04769,15,3,104.55,3,New/Occasional
C04770,38,18,2319.68,3,New/Occasional
C04771,40,13,1717.88,3,New/Occasional
C04772,101,14,3927.36,1,At-Risk
C04773,231,12,698.96,1,At-Risk
C04774,10,6,282.12,3,New/Occasional
C04775,306,17,2287.19,1,At-Risk
C04776,70,11,779.34,3,New/Occasional
C04777,2,31,7645.65,0,Loyal Mid-Tier
C04778,64,9,5523.7,0,Loyal Mid-Tier
C04779,51,3,76.21,3,New/Occasional
C04780,16,3,177.03,3,New/Occasional
C04781,38,6,175.28,3,New/Occasional
C04782,20,23,1317.42,3,New/Occasional
C04783,97,21,1153.09,1,At-Risk
C04784,2,62,2730.86,0,Loyal Mid-Tier
C04785,16,16,982.21,3,New/Occasional
C04786,12,27,1531.21,0,Loyal Mid-Tier
C04787,31,29,1962.58,0,Loyal Mid-Tier
C04788,154,17,1245.94,1,At-Risk
C04789,110,15,2159.0,1,At-Risk
C04790,18,24,1272.58,3,New/Occasional
C04791,23,1,188.04,3,New/Occasional
C04792,71,15,1981.36,3,New/Occasional
C04793,82,13,1283.6,3,New/Occasional
C04794,47,2,89.01,3,New/Occasional
C04795,184,12,882.78,1,At-Risk
C04796,58,11,591.03,3,New/Occasional
C04797,23,18,2954.63,3,New/Occasional
C04798,42,8,415.51,3,New/Occasional
C04799,18,9,590.16,3,New/Occasional
C04800,5,20,458.7,3,New/Occasional
C04801,248,10,1431.7,1,At-Risk
C04802,146,34,2696.65,1,At-Risk
C04803,274,42,3207.04,1,At-Risk
C04804,47,6,150.15,3,New/Occasional
C04805,2,4,164.04,3,New/Occasional
C04806,111,10,890.61,1,At-Risk
C04807,14,35,1902.66,0,Loyal Mid-Tier
C04808,26,39,7021.59,0,Loyal Mid-Tier
C04809,3,7,181.66,3,New/Occasional
C04810,29,34,2101.06,0,Loyal Mid-Tier
C04811,27,7,250.83,3,New/Occasional
C04812,115,7,296.28,1,At-Risk
C04813,49,3,243.45,3,New/Occasional
C04814,28,17,3585.2,0,Loyal Mid-Tier
C04815,65,4,91.72,3,New/Occasional
C04816,55,6,308.83,3,New/Occasional
C04817,149,20,2046.68,1,At-Risk
C04818,5,26,985.45,3,New/Occasional
C04819,43,15,3781.71,3,New/Occasional
C04820,30,12,1496.34,3,New/Occasional
C04821,93,2,255.78,3,New/Occasional
C04822,477,4,102.88,1,At-Risk
C04823,34,22,3613.41,0,Loyal Mid-Tier
C04824,38,32,1456.1,0,Loyal Mid-Tier
C04825,60,5,169.18,3,New/Occasional
C04826,0,55,3182.77,0,Loyal Mid-Tier
C04827,234,5,195.44,1,At-Risk
C04828,45,32,2595.61,0,Loyal Mid-Tier
C04829,10,6,257.15,3,New/Occasional
C04830,16,8,712.43,3,New/Occasional
C04831,100,15,1170.62,1,At-Risk
C04832,24,11,295.97,3,New/Occasional
C04833,15,12,1920.82,3,New/Occasional
C04834,32,2,99.93,3,New/Occasional
C04835,10,25,4574.93,0,Loyal Mid-Tier
C04836,90,19,896.49,3,New/Occasional
C04837,57,3,125.27,3,New/Occasional
C04838,116,9,432.74,1,At-Risk
C04839,32,4,346.76,3,New/Occasional
C04840,25,4,124.47,3,New/Occasional
C04841,70,15,834.35,3,New/Occasional
C04842,216,42,2883.38,1,At-Risk
C04843,26,7,675.94,3,New/Occasional
C04844,30,12,740.76,3,New/Occasional
C04845,164,12,442.05,1,At-Risk
C04846,110,11,714.56,1,At-Risk
C04847,81,6,555.84,3,New/Occasional
C04848,9,52,1657.34,0,Loyal Mid-Tier
C04849,17,3,243.2,3,New/Occasional
C04850,23,10,1901.47,3,New/Occasional
C04851,39,18,1326.92,3,New/Occasional
C04852,36,1,89.2,3,New/Occasional
C04853,86,19,1822.22,3,New/Occasional
C04854,54,38,877.39,0,Loyal Mid-Tier
C04855,39,13,2026.12,3,New/Occasional
C04856,70,23,784.99,3,New/Occasional
C04857,133,48,3888.4,0,Loyal Mid-Tier
C04858,58,7,529.03,3,New/Occasional
C04859,32,14,282.36,3,New/Occasional
C04860,12,11,502.49,3,New/Occasional
C04861,74,3,106.79,3,New/Occasional
C04862,24,21,746.59,3,New/Occasional
C04863,91,10,2270.16,3,New/Occasional
C04864,11,27,5798.14,0,Loyal Mid-Tier
C04865,27,6,602.84,3,New/Occasional
C04866,90,17,3021.81,3,New/Occasional
C04867,17,7,689.45,3,New/Occasional
C04868,70,12,4504.48,3,New/Occasional
C04869,69,6,306.02,3,New/Occasional
C04870,24,6,379.27,3,New/Occasional
C04871,30,3,732.61,3,New/Occasional
C04872,64,5,301.44,3,New/Occasional
C04873,65,15,812.77,3,New/Occasional
C04874,22,13,1181.98,3,New/Occasional
C04875,18,37,1452.91,0,Loyal Mid-Tier
C04876,18,57,2511.98,0,Loyal Mid-Tier
C04877,146,1,29.63,1,At-Risk
C04878,46,10,814.2,3,New/Occasional
C04879,5,17,1466.26,3,New/Occasional
C04880,35,32,1274.38,0,Loyal Mid-Tier
C04881,31,2,146.95,3,New/Occasional
C04882,40,13,613.99,3,New/Occasional
C04883,15,65,4628.56,0,Loyal Mid-Tier
C04884,84,11,2576.11,3,New/Occasional
C04885,50,18,709.15,3,New/Occasional
C04886,64,9,740.5,3,New/Occasional
C04887,9,53,1327.34,0,Loyal Mid-Tier
C04888,82,12,3510.79,3,New/Occasional
C04889,59,7,555.42,3,New/Occasional
C04890,4,4,79.82,3,New/Occasional
C04891,105,3,238.22,3,New/Occasional
C04892,77,19,3413.31,0,Loyal Mid-Tier
C04893,213,18,773.1,1,At-Risk
C04894,63,5,342.84,3,New/Occasional
C04895,40,9,762.0,3,New/Occasional
C04896,102,2,60.21,3,New/Occasional
C04897,80,17,884.48,3,New/Occasional
C04898,44,3,326.24,3,New/Occasional
C04899,43,19,859.44,3,New/Occasional
C04900,13,2,148.96,3,New/Occasional
C04901,51,35,22774.9,2,VIP
C04902,68,26,1475.72,0,Loyal Mid-Tier
C04903,36,23,2831.47,0,Loyal Mid-Tier
C04904,20,15,1793.05,3,New/Occasional
C04905,107,2,59.4,1,At-Risk
C04906,27,4,165.04,3,New/Occasional
C04907,176,18,1156.93,1,At-Risk
C04908,4,3,287.29,3,New/Occasional
C04909,30,18,2007.39,3,New/Occasional
C04910,71,3,29.16,3,New/Occasional
C04911,18,19,1328.06,3,New/Occasional
C04912,96,9,819.37,3,New/Occasional
C04913,76,35,1115.53,0,Loyal Mid-Tier
C04914,14,12,919.81,3,New/Occasional
C04915,68,17,893.46,3,New/Occasional
C04916,16,21,2915.89,0,Loyal Mid-Tier
C04917,81,10,677.13,3,New/Occasional
C04918,88,38,8878.64,2,VIP
C04919,0,9,726.24,3,New/Occasional
C04920,42,8,477.31,3,New/Occasional
C04921,21,13,928.84,3,New/Occasional
C04922,223,32,1008.77,1,At-Risk
C04923,218,24,1291.93,1,At-Risk
C04924,57,19,4856.62,0,Loyal Mid-Tier
C04925,22,58,5584.8,0,Loyal Mid-Tier
C04926,7,8,311.51,3,New/Occasional
C04927,14,29,644.3,0,Loyal Mid-Tier
C04928,3,59,3117.47,0,Loyal Mid-Tier
C04929,23,15,587.47,3,New/Occasional
C04930,60,11,1277.41,3,New/Occasional
C04931,22,6,216.78,3,New/Occasional
C04932,123,14,887.45,1,At-Risk
C04933,19,10,658.64,3,New/Occasional
C04934,26,25,5525.47,0,Loyal Mid-Tier
C04935,15,2,494.98,3,New/Occasional
C04936,16,2,131.87,3,New/Occasional
C04937,7,34,2183.33,0,Loyal Mid-Tier
C04938,46,10,229.63,3,New/Occasional
C04939,8,18,485.94,3,New/Occasional
C04940,1,10,1477.48,3,New/Occasional
C04941,34,8,186.35,3,New/Occasional
C04942,157,2,73.34,1,At-Risk
C04943,123,12,1492.61,1,At-Risk
C04944,158,17,815.94,1,At-Risk
C04945,43,1,67.01,3,New/Occasional
C04946,8,2,88.25,3,New/Occasional
C04947,66,42,5657.71,0,Loyal Mid-Tier
C04948,2,16,347.4,3,New/Occasional
C04949,25,42,1311.64,0,Loyal Mid-Tier
C04950,27,3,298.87,3,New/Occasional
C04951,150,8,497.1,1,At-Risk
C04952,59,45,1645.49,0,Loyal Mid-Tier
C04953,2,42,1351.93,0,Loyal Mid-Tier
C04954,2,11,2053.99,3,New/Occasional
C04955,20,29,2454.02,0,Loyal Mid-Tier
C04956,54,7,623.77,3,New/Occasional
C04957,265,3,189.38,1,At-Risk
C04958,4,28,5908.95,0,Loyal Mid-Tier
C04959,25,4,698.64,3,New/Occasional
C04960,8,34,1843.03,0,Loyal Mid-Tier
C04961,21,49,10553.35,2,VIP
C04962,32,2,192.87,3,New/Occasional
C04963,58,1,76.34,3,New/Occasional
C04964,4,9,1062.88,3,New/Occasional
C04965,17,9,1217.14,3,New/Occasional
C04966,10,18,1139.36,3,New/Occasional
C04967,13,31,1507.37,0,Loyal Mid-Tier
C04968,8,6,313.04,3,New/Occasional
C04969,13,1,68.93,3,New/Occasional
C04970,1,12,2133.08,3,New/Occasional
C04971,19,7,126.61,3,New/Occasional
C04972,115,11,1107.49,1,At-Risk
C04973,44,6,2396.85,3,New/Occasional
C04974,16,8,748.67,3,New/Occasional
C04975,143,3,70.53,1,At-Risk
C04976,58,15,1174.75,3,New/Occasional
C04977,4,6,355.72,3,New/Occasional
C04978,10,7,970.48,3,New/Occasional
C04979,8,5,207.06,3,New/Occasional
C04980,23,14,477.76,3,New/Occasional
C04981,194,43,2548.35,1,At-Risk
C04982,19,1,64.28,3,New/Occasional
C04983,35,32,6851.59,0,Loyal Mid-Tier
C04984,32,37,1168.98,0,Loyal Mid-Tier
C04985,275,11,423.01,1,At-Risk
C04986,80,14,3570.31,3,New/Occasional
C04987,70,30,7232.79,0,Loyal Mid-Tier
C04988,139,55,29317.45,2,VIP
C04989,70,36,1061.64,0,Loyal Mid-Tier
C04990,42,5,196.15,3,New/Occasional
C04991,30,5,249.81,3,New/Occasional
C04992,25,18,2426.23,3,New/Occasional
C04993,89,17,938.51,3,New/Occasional
C04994,11,3,270.48,3,New/Occasional
C04995,81,27,3106.1,0,Loyal Mid-Tier
C04996,200,8,1296.93,1,At-Risk
C04997,14,8,725.29,3,New/Occasional
C04998,71,50,2256.59,0,Loyal Mid-Tier
C04999,83,33,3734.94,0,Loyal Mid-Tier
C05000,31,14,2778.52,3,New/Occasional
C05001,33,7,1129.69,3,New/Occasional
C05002,2,38,1159.8,0,Loyal Mid-Tier
C05003,3,4,228.16,3,New/Occasional
C05004,1,12,1007.83,3,New/Occasional
C05005,93,5,589.15,3,New/Occasional
C05006,47,43,7580.11,2,VIP
C05007,93,5,636.57,3,New/Occasional
C05008,33,42,2781.18,0,Loyal Mid-Tier
C05009,1,3,156.34,3,New/Occasional
C05010,105,76,9669.29,2,VIP
C05011,23,17,911.78,3,New/Occasional
C05012,67,1,59.6,3,New/Occasional
C05013,2,23,2961.37,0,Loyal Mid-Tier
C05014,38,24,1784.11,0,Loyal Mid-Tier
C05015,9,6,1196.76,3,New/Occasional
C05016,88,40,3551.54,0,Loyal Mid-Tier
C05017,66,31,2016.51,0,Loyal Mid-Tier
C05018,174,18,2362.56,1,At-Risk
C05019,5,20,1460.53,3,New/Occasional
C05020,27,23,767.39,3,New/Occasional
C05021,8,3,157.82,3,New/Occasional
C05022,17,26,971.17,3,New/Occasional
C05023,145,22,1565.5,1,At-Risk
C05024,33,12,1613.93,3,New/Occasional
C05025,182,18,1466.0,1,At-Risk
C05026,129,6,525.01,1,At-Risk
C05027,116,14,1722.53,1,At-Risk
C05028,4,10,341.65,3,New/Occasional
C05029,2,5,1667.22,3,New/Occasional
C05030,76,16,3559.01,0,Loyal Mid-Tier
C05031,56,1,86.76,3,New/Occasional
C05032,33,36,5747.79,0,Loyal Mid-Tier
C05033,40,1,48.59,3,New/Occasional
C05034,61,12,496.25,3,New/Occasional
C05035,34,37,4902.57,0,Loyal Mid-Tier
C05036,49,37,1173.68,0,Loyal Mid-Tier
C05037,327,12,1982.22,1,At-Risk
C05038,25,28,1782.42,0,Loyal Mid-Tier
C05039,3,30,2752.21,0,Loyal Mid-Tier
C05040,27,37,2839.51,0,Loyal Mid-Tier
C05041,19,19,2887.84,3,New/Occasional
C05042,10,22,4607.31,0,Loyal Mid-Tier
C05043,110,32,1565.68,0,Loyal Mid-Tier
C05044,19,10,1290.58,3,New/Occasional
C05045,25,4,482.61,3,New/Occasional
C05046,15,31,592.38,0,Loyal Mid-Tier
C05047,2,37,9564.79,2,VIP
C05048,109,18,1048.02,1,At-Risk
C05049,72,24,2802.01,0,Loyal Mid-Tier
C05050,10,11,1234.48,3,New/Occasional
C05051,25,2,53.44,3,New/Occasional
C05052,26,48,5994.85,0,Loyal Mid-Tier
C05053,1,4,533.84,3,New/Occasional
C05054,64,64,4551.48,0,Loyal Mid-Tier
C05055,15,38,2251.92,0,Loyal Mid-Tier
C05056,56,17,7070.78,0,Loyal Mid-Tier
C05057,18,24,1622.24,3,New/Occasional
C05058,1,1,77.0,3,New/Occasional
C05059,11,4,1006.69,3,New/Occasional
C05060,92,5,632.18,3,New/Occasional
C05061,16,19,2772.52,3,New/Occasional
C05062,41,11,1179.29,3,New/Occasional
C05063,82,5,362.16,3,New/Occasional
C05064,39,6,497.2,3,New/Occasional
C05065,194,29,3084.36,1,At-Risk
C05066,105,8,176.4,1,At-Risk
C05067,4,1,20.09,3,New/Occasional
C05068,193,7,113.07,1,At-Risk
C05069,68,13,922.67,3,New/Occasional
C05070,30,2,357.19,3,New/Occasional
C05071,40,5,612.54,3,New/Occasional
C05072,50,5,287.15,3,New/Occasional
C05073,38,16,919.02,3,New/Occasional
C05074,17,19,791.93,3,New/Occasional
C05075,80,73,2667.72,0,Loyal Mid-Tier
C05076,224,7,204.85,1,At-Risk
C05077,6,7,539.3,3,New/Occasional
C05078,94,39,5542.24,0,Loyal Mid-Tier
C05079,103,13,1115.47,1,At-Risk
C05080,24,7,676.31,3,New/Occasional
C05081,6,32,4828.09,0,Loyal Mid-Tier
C05082,29,5,193.57,3,New/Occasional
C05083,117,11,814.59,1,At-Risk
C05084,0,23,353.59,3,New/Occasional
C05085,23,14,2047.92,3,New/Occasional
C05086,147,33,3183.93,0,Loyal Mid-Tier
C05087,187,7,540.24,1,At-Risk
C05088,6,1,185.49,3,New/Occasional
C05089,56,37,2774.16,0,Loyal Mid-Tier
C05090,26,47,999.03,0,Loyal Mid-Tier
C05091,28,4,640.35,3,New/Occasional
C05092,97,72,7455.03,2,VIP
C05093,34,19,4998.34,0,Loyal Mid-Tier
C05094,27,8,544.72,3,New/Occasional
C05095,101,2,127.96,3,New/Occasional
C05096,11,10,1178.03,3,New/Occasional
C05097,8,5,364.01,3,New/Occasional
C05098,102,35,4460.2,0,Loyal Mid-Tier
C05099,65,6,185.17,3,New/Occasional
C05100,60,11,1562.83,3,New/Occasional
C05101,40,9,843.73,3,New/Occasional
C05102,10,1,30.46,3,New/Occasional
C05103,51,4,328.3,3,New/Occasional
C05104,42,21,2261.77,3,New/Occasional
C05105,74,12,891.86,3,New/Occasional
C05106,13,2,180.48,3,New/Occasional
C05107,11,52,12797.59,2,VIP
C05108,138,11,589.05,1,At-Risk
C05109,18,1,45.41,3,New/Occasional
C05110,123,54,9333.8,2,VIP
C05111,39,19,576.25,3,New/Occasional
C05112,12,24,1149.36,3,New/Occasional
C05113,85,20,4281.62,0,Loyal Mid-Tier
C05114,73,6,129.74,3,New/Occasional
C05115,46,14,605.19,3,New/Occasional
C05116,147,29,1463.34,1,At-Risk
C05117,211,1,173.66,1,At-Risk
C05118,2,8,297.86,3,New/Occasional
C05119,108,8,121.74,1,At-Risk
C05120,32,4,636.02,3,New/Occasional
C05121,58,19,1136.7,3,New/Occasional
C05122,74,9,1026.45,3,New/Occasional
C05123,45,14,1413.46,3,New/Occasional
C05124,392,5,155.01,1,At-Risk
C05125,47,1,113.04,3,New/Occasional
C05126,29,6,400.18,3,New/Occasional
C05127,48,2,75.25,3,New/Occasional
C05128,164,12,1165.18,1,At-Risk
C05129,20,12,785.06,3,New/Occasional
C05130,14,6,883.89,3,New/Occasional
C05131,80,79,27252.84,2,VIP
C05132,199,26,795.98,1,At-Risk
C05133,50,16,1648.57,3,New/Occasional
C05134,0,1,50.01,3,New/Occasional
C05135,60,10,879.34,3,New/Occasional
C05136,44,23,5335.21,0,Loyal Mid-Tier
C05137,27,17,572.52,3,New/Occasional
C05138,13,46,3119.76,0,Loyal Mid-Tier
C05139,29,38,4443.01,0,Loyal Mid-Tier
C05140,35,34,2991.05,0,Loyal Mid-Tier
C05141,7,29,2707.09,0,Loyal Mid-Tier
C05142,7,29,5974.01,0,Loyal Mid-Tier
C05143,36,14,1739.89,3,New/Occasional
C05144,79,7,464.99,3,New/Occasional
C05145,128,36,793.38,0,Loyal Mid-Tier
C05146,128,39,1316.11,0,Loyal Mid-Tier
C05147,103,16,1594.52,1,At-Risk
C05148,59,14,813.56,3,New/Occasional
C05149,33,5,528.3,3,New/Occasional
C05150,11,64,2943.1,0,Loyal Mid-Tier
C05151,6,4,1089.74,3,New/Occasional
C05152,31,20,801.58,3,New/Occasional
C05153,111,4,388.73,1,At-Risk
C05154,235,2,58.84,1,At-Risk
C05155,26,1,82.72,3,New/Occasional
C05156,74,3,939.32,3,New/Occasional
C05157,36,4,173.76,3,New/Occasional
C05158,60,2,348.46,3,New/Occasional
C05159,16,22,2074.03,3,New/Occasional
C05160,62,46,5447.53,0,Loyal Mid-Tier
C05161,103,17,659.65,1,At-Risk
C05162,49,11,1284.7,3,New/Occasional
C05163,147,14,886.69,1,At-Risk
C05164,8,38,6291.85,0,Loyal Mid-Tier
C05165,25,5,213.42,3,New/Occasional
C05166,41,45,2633.89,0,Loyal Mid-Tier
C05167,114,4,593.86,1,At-Risk
C05168,260,1,240.94,1,At-Risk
C05169,19,5,282.93,3,New/Occasional
C05170,52,11,180.17,3,New/Occasional
C05171,36,20,4652.03,0,Loyal Mid-Tier
C05172,294,5,204.24,1,At-Risk
C05173,18,26,1714.43,0,Loyal Mid-Tier
C05174,4,35,1735.69,0,Loyal Mid-Tier
C05175,144,2,330.21,1,At-Risk
C05176,72,9,297.09,3,New/Occasional
C05177,66,16,424.43,3,New/Occasional
C05178,131,58,4884.77,0,Loyal Mid-Tier
C05179,73,6,291.82,3,New/Occasional
C05180,57,6,554.92,3,New/Occasional
C05181,64,3,406.31,3,New/Occasional
C05182,33,12,1116.98,3,New/Occasional
C05183,0,14,2342.89,3,New/Occasional
C05184,34,2,95.95,3,New/Occasional
C05185,31,17,1997.39,3,New/Occasional
C05186,7,24,891.95,3,New/Occasional
C05187,6,30,471.53,0,Loyal Mid-Tier
C05188,239,15,2401.03,1,At-Risk
C05189,69,15,275.08,3,New/Occasional
C05190,14,51,2872.0,0,Loyal Mid-Tier
C05191,86,41,3745.13,0,Loyal Mid-Tier
C05192,15,14,877.6,3,New/Occasional
C05193,5,2,318.28,3,New/Occasional
C05194,1,30,1132.0,0,Loyal Mid-Tier
C05195,12,13,839.15,3,New/Occasional
C05196,50,23,739.71,3,New/Occasional
C05197,170,31,1176.59,1,At-Risk
C05198,24,38,2951.14,0,Loyal Mid-Tier
C05199,57,8,764.45,3,New/Occasional
C05200,91,8,2140.15,3,New/Occasional
C05201,46,37,969.8,0,Loyal Mid-Tier
C05202,5,21,1332.74,3,New/Occasional
C05203,26,2,194.46,3,New/Occasional
C05204,65,1,7.92,3,New/Occasional
C05205,44,7,143.19,3,New/Occasional
C05206,19,38,2943.66,0,Loyal Mid-Tier
C05207,163,1,64.99,1,At-Risk
C05208,88,5,110.59,3,New/Occasional
C05209,30,20,2254.31,3,New/Occasional
C05210,103,1,121.01,3,New/Occasional
C05211,45,15,588.29,3,New/Occasional
C05212,11,5,250.72,3,New/Occasional
C05213,37,13,1439.34,3,New/Occasional
C05214,174,1,81.93,1,At-Risk
C05215,30,42,1978.29,0,Loyal Mid-Tier
C05216,33,9,824.61,3,New/Occasional
C05217,9,6,1100.44,3,New/Occasional
C05218,124,2,136.84,1,At-Risk
C05219,25,8,923.0,3,New/Occasional
C05220,31,19,403.95,3,New/Occasional
C05221,44,36,9307.68,2,VIP
C05222,33,18,795.18,3,New/Occasional
C05223,174,14,1272.12,1,At-Risk
C05224,86,1,52.6,3,New/Occasional
C05225,18,18,3580.59,0,Loyal Mid-Tier
C05226,67,35,19457.68,2,VIP
C05227,38,31,1414.88,0,Loyal Mid-Tier
C05228,29,5,1050.24,3,New/Occasional
C05229,69,1,96.3,3,New/Occasional
C05230,10,3,70.1,3,New/Occasional
C05231,30,2,271.95,3,New/Occasional
C05232,49,13,1845.57,3,New/Occasional
C05233,19,12,494.21,3,New/Occasional
C05234,40,30,739.38,0,Loyal Mid-Tier
C05235,8,29,586.29,0,Loyal Mid-Tier
C05236,5,13,1428.71,3,New/Occasional
C05237,193,8,134.95,1,At-Risk
C05238,11,13,838.56,3,New/Occasional
C05239,85,36,25953.79,2,VIP
C05240,43,18,3079.45,3,New/Occasional
C05241,146,8,1097.94,1,At-Risk
C05242,9,3,589.16,3,New/Occasional
C05243,8,7,573.58,3,New/Occasional
C05244,106,2,200.2,1,At-Risk
C05245,108,20,866.66,1,At-Risk
C05246,72,16,3364.91,3,New/Occasional
C05247,32,11,324.5,3,New/Occasional
C05248,172,23,1238.1,1,At-Risk
C05249,7,23,1269.72,3,New/Occasional
C05250,9,5,409.51,3,New/Occasional
C05251,18,22,2577.67,0,Loyal Mid-Tier
C05252,4,9,981.74,3,New/Occasional
C05253,15,9,516.29,3,New/Occasional
C05254,130,38,1640.7,0,Loyal Mid-Tier
C05255,34,74,4652.95,0,Loyal Mid-Tier
C05256,22,8,1331.27,3,New/Occasional
C05257,208,20,1249.59,1,At-Risk
C05258,81,63,10161.93,2,VIP
C05259,20,10,1299.93,3,New/Occasional
C05260,44,21,602.78,3,New/Occasional
C05261,97,11,874.51,3,New/Occasional
C05262,63,13,1205.52,3,New/Occasional
C05263,109,1,83.99,1,At-Risk
C05264,18,41,10910.9,2,VIP
C05265,12,46,1677.54,0,Loyal Mid-Tier
C05266,43,18,837.41,3,New/Occasional
C05267,119,3,140.31,1,At-Risk
C05268,86,1,236.33,3,New/Occasional
C05269,32,6,351.46,3,New/Occasional
C05270,10,4,147.32,3,New/Occasional
C05271,79,1,55.98,3,New/Occasional
C05272,101,29,1859.92,0,Loyal Mid-Tier
C05273,264,16,3076.43,1,At-Risk
C05274,2,19,2344.11,3,New/Occasional
C05275,71,39,3991.46,0,Loyal Mid-Tier
C05276,60,16,7729.38,0,Loyal Mid-Tier
C05277,22,5,147.05,3,New/Occasional
C05278,122,38,3761.72,0,Loyal Mid-Tier
C05279,11,9,628.34,3,New/Occasional
C05280,36,13,1916.88,3,New/Occasional
C05281,51,11,608.51,3,New/Occasional
C05282,15,12,599.12,3,New/Occasional
C05283,91,33,1765.05,0,Loyal Mid-Tier
C05284,128,14,2165.48,1,At-Risk
C05285,36,7,220.26,3,New/Occasional
C05286,37,15,1380.64,3,New/Occasional
C05287,65,4,379.18,3,New/Occasional
C05288,40,14,399.82,3,New/Occasional
C05289,219,12,737.87,1,At-Risk
C05290,46,17,2668.73,3,New/Occasional
C05291,8,1,17.4,3,New/Occasional
C05292,46,10,1716.36,3,New/Occasional
C05293,9,39,3135.99,0,Loyal Mid-Tier
C05294,8,4,117.17,3,New/Occasional
C05295,29,66,7510.88,2,VIP
C05296,106,20,842.89,1,At-Risk
C05297,58,2,180.15,3,New/Occasional
C05298,0,9,744.76,3,New/Occasional
C05299,61,25,962.39,3,New/Occasional
C05300,16,2,64.41,3,New/Occasional
C05301,34,4,97.41,3,New/Occasional
C05302,105,4,600.7,1,At-Risk
C05303,103,11,1030.07,1,At-Risk
C05304,40,29,400.79,0,Loyal Mid-Tier
C05305,22,7,2979.56,3,New/Occasional
C05306,107,15,275.06,1,At-Risk
C05307,48,49,4038.91,0,Loyal Mid-Tier
C05308,31,19,1224.56,3,New/Occasional
C05309,93,11,705.59,3,New/Occasional
C05310,15,9,549.43,3,New/Occasional
C05311,39,32,1256.95,0,Loyal Mid-Tier
C05312,2,2,123.16,3,New/Occasional
C05313,236,3,322.64,1,At-Risk
C05314,66,17,2239.82,3,New/Occasional
C05315,5,20,2179.07,3,New/Occasional
C05316,4,3,375.59,3,New/Occasional
C05317,44,4,247.29,3,New/Occasional
C05318,75,4,434.19,3,New/Occasional
C05319,63,19,5237.17,0,Loyal Mid-Tier
C05320,23,9,578.71,3,New/Occasional
C05321,45,1,32.86,3,New/Occasional
C05322,64,33,1098.69,0,Loyal Mid-Tier
C05323,34,8,240.09,3,New/Occasional
C05324,67,15,2156.75,3,New/Occasional
C05325,4,5,348.81,3,New/Occasional
C05326,60,6,717.75,3,New/Occasional
C05327,100,11,216.49,3,New/Occasional
C05328,161,2,104.32,1,At-Risk
C05329,42,22,2184.88,0,Loyal Mid-Tier
C05330,18,7,745.66,3,New/Occasional
C05331,121,14,728.86,1,At-Risk
C05332,85,45,2391.22,0,Loyal Mid-Tier
C05333,54,10,356.0,3,New/Occasional
C05334,67,2,96.83,3,New/Occasional
C05335,106,8,670.85,1,At-Risk
C05336,34,4,202.77,3,New/Occasional
C05337,49,38,24118.18,2,VIP
C05338,1,17,238.83,3,New/Occasional
C05339,153,2,158.68,1,At-Risk
C05340,34,1,65.94,3,New/Occasional
C05341,108,13,920.02,1,At-Risk
C05342,1,6,672.62,3,New/Occasional
C05343,47,3,270.74,3,New/Occasional
C05344,83,3,519.99,3,New/Occasional
C05345,160,10,428.51,1,At-Risk
C05346,53,9,719.1,3,New/Occasional
C05347,21,23,5538.54,0,Loyal Mid-Tier
C05348,36,21,1401.05,3,New/Occasional
C05349,8,14,912.55,3,New/Occasional
C05350,14,4,456.63,3,New/Occasional
C05351,9,10,283.55,3,New/Occasional
C05352,187,19,1040.22,1,At-Risk
C05353,35,16,979.46,3,New/Occasional
C05354,31,3,428.83,3,New/Occasional
C05355,240,12,359.86,1,At-Risk
C05356,104,36,741.34,0,Loyal Mid-Tier
C05357,18,52,5007.35,0,Loyal Mid-Tier
C05358,72,1,57.1,3,New/Occasional
C05359,66,28,1549.11,0,Loyal Mid-Tier
C05360,107,2,130.61,1,At-Risk
C05361,0,61,8113.26,2,VIP
C05362,59,22,1340.94,3,New/Occasional
C05363,30,21,1199.75,3,New/Occasional
C05364,9,5,301.7,3,New/Occasional
C05365,32,6,241.81,3,New/Occasional
C05366,93,23,11312.02,2,VIP
C05367,153,4,145.6,1,At-Risk
C05368,24,6,649.47,3,New/Occasional
C05369,8,32,1866.29,0,Loyal Mid-Tier
C05370,55,4,236.31,3,New/Occasional
C05371,70,21,665.16,3,New/Occasional
C05372,56,4,271.61,3,New/Occasional
C05373,60,3,467.01,3,New/Occasional
C05374,182,1,33.65,1,At-Risk
C05375,294,1,22.01,1,At-Risk
C05376,3,9,937.18,3,New/Occasional
C05377,17,4,872.43,3,New/Occasional
C05378,82,22,2746.69,0,Loyal Mid-Tier
C05379,98,1,176.11,3,New/Occasional
C05380,1,59,3045.02,0,Loyal Mid-Tier
C05381,17,24,6769.69,0,Loyal Mid-Tier
C05382,1,3,94.3,3,New/Occasional
C05383,72,43,3667.87,0,Loyal Mid-Tier
C05384,227,79,2350.94,0,Loyal Mid-Tier
C05385,46,4,221.47,3,New/Occasional
C05386,27,2,73.86,3,New/Occasional
C05387,22,13,642.99,3,New/Occasional
C05388,43,17,772.09,3,New/Occasional
C05389,1,4,357.38,3,New/Occasional
C05390,109,17,1110.98,1,At-Risk
C05391,29,27,2366.93,0,Loyal Mid-Tier
C05392,52,14,2250.06,3,New/Occasional
C05393,95,33,1420.94,0,Loyal Mid-Tier
C05394,157,2,525.27,1,At-Risk
C05395,96,35,1476.05,0,Loyal Mid-Tier
C05396,16,7,128.49,3,New/Occasional
C05397,63,6,807.96,3,New/Occasional
C05398,129,19,3764.59,1,At-Risk
C05399,13,40,1592.8,0,Loyal Mid-Tier
C05400,71,16,347.92,3,New/Occasional
C05401,43,9,822.98,3,New/Occasional
C05402,15,5,482.39,3,New/Occasional
C05403,7,34,3855.66,0,Loyal Mid-Tier
C05404,28,9,545.94,3,New/Occasional
C05405,8,47,15791.11,2,VIP
C05406,44,57,2820.41,0,Loyal Mid-Tier
C05407,17,1,204.19,3,New/Occasional
C05408,48,10,227.65,3,New/Occasional
C05409,10,13,1360.76,3,New/Occasional
C05410,40,23,1678.16,3,New/Occasional
C05411,135,3,158.04,1,At-Risk
C05412,44,10,601.16,3,New/Occasional
C05413,88,8,588.69,3,New/Occasional
C05414,93,11,524.8,3,New/Occasional
C05415,12,18,734.31,3,New/Occasional
C05416,43,5,1557.86,3,New/Occasional
C05417,11,17,1183.96,3,New/Occasional
C05418,94,23,2792.8,0,Loyal Mid-Tier
C05419,13,18,1603.38,3,New/Occasional
C05420,71,3,229.47,3,New/Occasional
C05421,80,33,556.45,0,Loyal Mid-Tier
C05422,8,16,1205.95,3,New/Occasional
C05423,69,18,1113.86,3,New/Occasional
C05424,53,19,1484.0,3,New/Occasional
C05425,1,7,1153.15,3,New/Occasional
C05426,0,16,737.55,3,New/Occasional
C05427,2,5,183.35,3,New/Occasional
C05428,4,5,402.19,3,New/Occasional
C05429,21,9,480.87,3,New/Occasional
C05430,34,61,4551.2,0,Loyal Mid-Tier
C05431,81,14,2542.61,3,New/Occasional
C05432,1,39,2157.74,0,Loyal Mid-Tier
C05433,33,10,858.82,3,New/Occasional
C05434,10,3,800.81,3,New/Occasional
C05435,102,7,653.86,3,New/Occasional
C05436,0,17,894.56,3,New/Occasional
C05437,11,3,511.78,3,New/Occasional
C05438,134,4,370.03,1,At-Risk
C05439,20,10,918.06,3,New/Occasional
C05440,71,40,2096.23,0,Loyal Mid-Tier
C05441,113,78,4809.58,0,Loyal Mid-Tier
C05442,0,21,1554.94,3,New/Occasional
C05443,38,25,4782.16,0,Loyal Mid-Tier
C05444,98,4,591.33,3,New/Occasional
C05445,16,7,234.38,3,New/Occasional
C05446,87,19,508.66,3,New/Occasional
C05447,225,15,1513.33,1,At-Risk
C05448,37,17,891.14,3,New/Occasional
C05449,25,7,706.99,3,New/Occasional
C05450,17,5,654.89,3,New/Occasional
C05451,34,5,90.41,3,New/Occasional
C05452,4,27,2020.33,0,Loyal Mid-Tier
C05453,42,3,167.06,3,New/Occasional
C05454,170,33,2740.02,1,At-Risk
C05455,15,9,6380.44,0,Loyal Mid-Tier
C05456,144,39,1640.98,0,Loyal Mid-Tier
C05457,14,18,1382.83,3,New/Occasional
C05458,8,20,878.79,3,New/Occasional
C05459,80,4,147.84,3,New/Occasional
C05460,1,35,1800.03,0,Loyal Mid-Tier
C05461,68,51,2792.49,0,Loyal Mid-Tier
C05462,0,56,2916.53,0,Loyal Mid-Tier
C05463,12,36,666.66,0,Loyal Mid-Tier
C05464,237,14,753.76,1,At-Risk
C05465,88,2,129.25,3,New/Occasional
C05466,21,33,974.81,0,Loyal Mid-Tier
C05467,74,8,115.43,3,New/Occasional
C05468,73,11,942.37,3,New/Occasional
C05469,19,14,982.5,3,New/Occasional
C05470,9,10,427.75,3,New/Occasional
C05471,89,33,2694.87,0,Loyal Mid-Tier
C05472,17,6,172.5,3,New/Occasional
C05473,107,6,696.99,1,At-Risk
C05474,3,18,602.02,3,New/Occasional
C05475,26,17,2926.08,3,New/Occasional
C05476,112,2,198.62,1,At-Risk
C05477,2,18,1632.99,3,New/Occasional
C05478,50,5,411.31,3,New/Occasional
C05479,52,9,303.61,3,New/Occasional
C05480,20,33,2233.51,0,Loyal Mid-Tier
C05481,6,5,1001.62,3,New/Occasional
C05482,120,21,1364.21,1,At-Risk
C05483,4,22,1922.46,3,New/Occasional
C05484,35,20,3506.12,0,Loyal Mid-Tier
C05485,20,1,22.37,3,New/Occasional
C05486,6,56,1227.65,0,Loyal Mid-Tier
C05487,72,11,4490.62,3,New/Occasional
C05488,74,10,176.72,3,New/Occasional
C05489,46,26,2874.9,0,Loyal Mid-Tier
C05490,67,10,642.74,3,New/Occasional
C05491,30,10,1517.37,3,New/Occasional
C05492,58,31,3878.03,0,Loyal Mid-Tier
C05493,21,39,1615.47,0,Loyal Mid-Tier
C05494,12,8,330.44,3,New/Occasional
C05495,2,33,887.5,0,Loyal Mid-Tier
C05496,121,12,1940.11,1,At-Risk
C05497,214,26,5223.43,1,At-Risk
C05498,125,29,3044.11,0,Loyal Mid-Tier
C05499,154,23,852.77,1,At-Risk
C05500,28,16,1248.42,3,New/Occasional
C05501,108,34,709.1,0,Loyal Mid-Tier
C05502,24,10,1200.07,3,New/Occasional
C05503,48,1,48.33,3,New/Occasional
C05504,13,19,1161.43,3,New/Occasional
C05505,33,6,89.06,3,New/Occasional
C05506,30,47,1484.36,0,Loyal Mid-Tier
C05507,68,6,291.51,3,New/Occasional
C05508,104,5,449.3,1,At-Risk
C05509,81,14,1121.24,3,New/Occasional
C05510,4,30,1488.89,0,Loyal Mid-Tier
C05511,34,9,1823.16,3,New/Occasional
C05512,16,15,888.91,3,New/Occasional
C05513,2,12,481.11,3,New/Occasional
C05514,45,5,323.95,3,New/Occasional
C05515,24,15,589.41,3,New/Occasional
C05516,66,15,1613.72,3,New/Occasional
C05517,18,13,1171.79,3,New/Occasional
C05518,6,44,3249.45,0,Loyal Mid-Tier
C05519,150,4,272.27,1,At-Risk
C05520,37,3,535.85,3,New/Occasional
C05521,1,18,928.65,3,New/Occasional
C05522,34,19,1443.02,3,New/Occasional
C05523,7,3,428.26,3,New/Occasional
C05524,61,31,1434.64,0,Loyal Mid-Tier
C05525,69,8,500.42,3,New/Occasional
C05526,74,9,1201.12,3,New/Occasional
C05527,78,10,610.53,3,New/Occasional
C05528,100,19,4561.17,0,Loyal Mid-Tier
C05529,68,6,211.83,3,New/Occasional
C05530,46,8,756.85,3,New/Occasional
C05531,105,5,401.69,1,At-Risk
C05532,6,15,3320.71,3,New/Occasional
C05533,40,12,1242.14,3,New/Occasional
C05534,78,4,277.18,3,New/Occasional
C05535,18,4,739.63,3,New/Occasional
C05536,39,8,520.59,3,New/Occasional
C05537,45,29,1715.14,0,Loyal Mid-Tier
C05538,64,47,7773.94,2,VIP
C05539,12,2,116.84,3,New/Occasional
C05540,14,4,370.27,3,New/Occasional
C05541,94,11,945.27,3,New/Occasional
C05542,24,8,550.05,3,New/Occasional
C05543,64,11,374.91,3,New/Occasional
C05544,32,15,2029.05,3,New/Occasional
C05545,7,26,1661.16,0,Loyal Mid-Tier
C05546,168,7,1437.36,1,At-Risk
C05547,32,6,218.54,3,New/Occasional
C05548,179,29,5535.01,1,At-Risk
C05549,5,6,153.42,3,New/Occasional
C05550,40,10,1097.97,3,New/Occasional
C05551,60,22,2073.17,0,Loyal Mid-Tier
C05552,53,8,352.62,3,New/Occasional
C05553,72,6,219.56,3,New/Occasional
C05554,121,7,361.95,1,At-Risk
C05555,35,9,1033.84,3,New/Occasional
C05556,12,2,218.82,3,New/Occasional
C05557,9,4,123.75,3,New/Occasional
C05558,111,21,2207.2,1,At-Risk
C05559,37,25,2740.17,0,Loyal Mid-Tier
C05560,145,11,1492.29,1,At-Risk
C05561,104,1,17.28,3,New/Occasional
C05562,11,26,1216.14,0,Loyal Mid-Tier
C05563,14,6,326.29,3,New/Occasional
C05564,6,19,3976.46,0,Loyal Mid-Tier
C05565,61,25,1915.1,0,Loyal Mid-Tier
C05566,198,43,1163.73,1,At-Risk
C05567,9,4,287.32,3,New/Occasional
C05568,19,3,81.48,3,New/Occasional
C05569,241,12,776.43,1,At-Risk
C05570,76,22,1897.18,0,Loyal Mid-Tier
C05571,6,33,2504.44,0,Loyal Mid-Tier
C05572,13,37,5656.41,0,Loyal Mid-Tier
C05573,79,19,385.33,3,New/Occasional
C05574,31,2,118.0,3,New/Occasional
C05575,17,6,234.27,3,New/Occasional
C05576,1,3,99.31,3,New/Occasional
C05577,100,20,1817.0,1,At-Risk
C05578,78,52,1465.96,0,Loyal Mid-Tier
C05579,62,8,541.57,3,New/Occasional
C05580,5,6,340.34,3,New/Occasional
C05581,54,18,5631.96,0,Loyal Mid-Tier
C05582,73,14,2795.2,3,New/Occasional
C05583,25,2,54.96,3,New/Occasional
C05584,90,27,1402.31,0,Loyal Mid-Tier
C05585,22,29,2411.29,0,Loyal Mid-Tier
C05586,8,8,194.78,3,New/Occasional
C05587,44,6,1086.88,3,New/Occasional
C05588,55,9,252.26,3,New/Occasional
C05589,24,2,152.88,3,New/Occasional
C05590,12,22,1078.89,3,New/Occasional
C05591,58,3,334.94,3,New/Occasional
C05592,18,10,532.35,3,New/Occasional
C05593,25,2,227.97,3,New/Occasional
C05594,12,7,249.56,3,New/Occasional
C05595,19,7,492.7,3,New/Occasional
C05596,109,21,718.57,1,At-Risk
C05597,134,5,653.81,1,At-Risk
C05598,31,14,2568.45,3,New/Occasional
C05599,4,2,164.78,3,New/Occasional
C05600,94,11,394.71,3,New/Occasional
C05601,16,15,440.07,3,New/Occasional
C05602,29,5,488.78,3,New/Occasional
C05603,114,14,1571.57,1,At-Risk
C05604,21,10,211.31,3,New/Occasional
C05605,29,12,706.62,3,New/Occasional
C05606,555,9,402.69,1,At-Risk
C05607,26,15,748.69,3,New/Occasional
C05608,36,4,250.34,3,New/Occasional
C05609,25,20,792.89,3,New/Occasional
C05610,11,22,7352.56,0,Loyal Mid-Tier
C05611,193,22,790.19,1,At-Risk
C05612,2,40,2605.18,0,Loyal Mid-Tier
C05613,2,1,35.62,3,New/Occasional
C05614,10,35,2158.32,0,Loyal Mid-Tier
C05615,12,11,2025.39,3,New/Occasional
C05616,58,49,2981.39,0,Loyal Mid-Tier
C05617,42,6,560.91,3,New/Occasional
C05618,48,13,900.19,3,New/Occasional
C05619,129,20,6246.83,0,Loyal Mid-Tier
C05620,47,4,295.78,3,New/Occasional
C05621,21,24,2743.46,0,Loyal Mid-Tier
C05622,10,7,369.24,3,New/Occasional
C05623,79,4,380.11,3,New/Occasional
C05624,17,5,1013.24,3,New/Occasional
C05625,6,1,10.21,3,New/Occasional
C05626,23,58,9245.29,2,VIP
C05627,83,10,300.34,3,New/Occasional
C05628,140,20,2023.66,1,At-Risk
C05629,96,10,707.54,3,New/Occasional
C05630,96,17,656.25,3,New/Occasional
C05631,66,3,477.17,3,New/Occasional
C05632,34,19,2040.03,3,New/Occasional
C05633,64,18,3157.05,0,Loyal Mid-Tier
C05634,80,3,101.87,3,New/Occasional
C05635,27,53,2086.41,0,Loyal Mid-Tier
C05636,582,60,1731.5,1,At-Risk
C05637,37,18,1239.11,3,New/Occasional
C05638,81,4,216.54,3,New/Occasional
C05639,27,19,175.11,3,New/Occasional
C05640,6,12,959.45,3,New/Occasional
C05641,288,11,711.41,1,At-Risk
C05642,74,13,5375.85,0,Loyal Mid-Tier
C05643,20,2,147.89,3,New/Occasional
C05644,15,4,138.74,3,New/Occasional
C05645,46,6,260.54,3,New/Occasional
C05646,1,24,3847.74,0,Loyal Mid-Tier
C05647,17,15,1464.03,3,New/Occasional
C05648,111,20,894.77,1,At-Risk
C05649,3,7,708.9,3,New/Occasional
C05650,15,78,1368.71,0,Loyal Mid-Tier
C05651,47,12,542.49,3,New/Occasional
C05652,210,4,136.03,1,At-Risk
C05653,120,29,1080.63,1,At-Risk
C05654,13,2,106.47,3,New/Occasional
C05655,112,10,1696.74,1,At-Risk
C05656,2,9,353.94,3,New/Occasional
C05657,10,1,123.09,3,New/Occasional
C05658,17,31,2886.15,0,Loyal Mid-Tier
C05659,146,18,911.33,1,At-Risk
C05660,71,10,357.79,3,New/Occasional
C05661,4,2,146.98,3,New/Occasional
C05662,85,14,2972.52,3,New/Occasional
C05663,5,27,2311.09,0,Loyal Mid-Tier
C05664,91,5,561.42,3,New/Occasional
C05665,63,21,1429.92,3,New/Occasional
C05666,12,8,324.46,3,New/Occasional
C05667,30,22,3167.81,0,Loyal Mid-Tier
C05668,0,8,226.22,3,New/Occasional
C05669,101,2,148.07,3,New/Occasional
C05670,139,9,1064.21,1,At-Risk
C05671,13,3,635.23,3,New/Occasional
C05672,126,38,1698.16,0,Loyal Mid-Tier
C05673,14,36,1337.49,0,Loyal Mid-Tier
C05674,88,39,9740.72,2,VIP
C05675,15,7,695.04,3,New/Occasional
C05676,21,3,95.04,3,New/Occasional
C05677,7,8,259.72,3,New/Occasional
C05678,198,8,384.48,1,At-Risk
C05679,1,14,1403.26,3,New/Occasional
C05680,23,24,3772.17,0,Loyal Mid-Tier
C05681,71,12,535.62,3,New/Occasional
C05682,222,32,1425.08,1,At-Risk
C05683,2,21,1617.65,3,New/Occasional
C05684,128,16,2281.51,1,At-Risk
C05685,101,12,911.51,1,At-Risk
C05686,94,9,238.54,3,New/Occasional
C05687,0,36,1449.94,0,Loyal Mid-Tier
C05688,68,12,968.95,3,New/Occasional
C05689,67,21,989.9,3,New/Occasional
C05690,47,12,493.84,3,New/Occasional
C05691,46,20,949.01,3,New/Occasional
C05692,3,3,121.52,3,New/Occasional
C05693,41,11,726.04,3,New/Occasional
C05694,98,18,4638.22,0,Loyal Mid-Tier
C05695,14,47,1186.39,0,Loyal Mid-Tier
C05696,106,34,3104.67,0,Loyal Mid-Tier
C05697,108,4,410.47,1,At-Risk
C05698,58,21,181.89,3,New/Occasional
C05699,29,26,2575.53,0,Loyal Mid-Tier
C05700,25,2,71.79,3,New/Occasional
C05701,12,37,3306.97,0,Loyal Mid-Tier
C05702,4,11,645.68,3,New/Occasional
C05703,45,3,142.45,3,New/Occasional
C05704,44,70,2447.5,0,Loyal Mid-Tier
C05705,26,33,4392.59,0,Loyal Mid-Tier
C05706,33,8,1420.83,3,New/Occasional
C05707,0,1,86.23,3,New/Occasional
C05708,34,62,5313.94,0,Loyal Mid-Tier
C05709,157,25,601.07,1,At-Risk
C05710,127,1,107.07,1,At-Risk
C05711,69,6,350.43,3,New/Occasional
C05712,151,28,5047.09,0,Loyal Mid-Tier
C05713,15,15,296.5,3,New/Occasional
C05714,214,9,2752.57,1,At-Risk
C05715,53,17,1878.62,3,New/Occasional
C05716,21,31,2034.96,0,Loyal Mid-Tier
C05717,34,16,1375.51,3,New/Occasional
C05718,37,37,2327.23,0,Loyal Mid-Tier
C05719,136,19,1362.94,1,At-Risk
C05720,93,49,12219.92,2,VIP
C05721,52,24,4206.79,0,Loyal Mid-Tier
C05722,75,8,274.56,3,New/Occasional
C05723,11,27,925.68,0,Loyal Mid-Tier
C05724,1,37,2049.74,0,Loyal Mid-Tier
C05725,20,3,125.59,3,New/Occasional
C05726,0,9,756.9,3,New/Occasional
C05727,116,15,3886.23,1,At-Risk
C05728,107,9,255.02,1,At-Risk
C05729,52,2,638.79,3,New/Occasional
C05730,236,4,273.43,1,At-Risk
C05731,77,18,2963.64,3,New/Occasional
C05732,24,12,1656.86,3,New/Occasional
C05733,99,19,1055.15,1,At-Risk
C05734,29,12,1221.24,3,New/Occasional
C05735,103,15,831.69,1,At-Risk
C05736,23,12,437.0,3,New/Occasional
C05737,61,24,3963.02,0,Loyal Mid-Tier
C05738,16,13,280.99,3,New/Occasional
C05739,89,32,868.74,0,Loyal Mid-Tier
C05740,18,26,972.8,3,New/Occasional
C05741,19,27,3888.42,0,Loyal Mid-Tier
C05742,40,52,1809.16,0,Loyal Mid-Tier
C05743,325,31,1291.73,1,At-Risk
C05744,52,57,3742.01,0,Loyal Mid-Tier
C05745,65,16,1139.46,3,New/Occasional
C05746,25,16,2680.83,3,New/Occasional
C05747,37,3,65.51,3,New/Occasional
C05748,268,10,548.17,1,At-Risk
C05749,66,44,2358.24,0,Loyal Mid-Tier
C05750,97,17,957.4,3,New/Occasional
C05751,35,26,618.64,3,New/Occasional
C05752,381,51,1941.6,1,At-Risk
C05753,59,3,124.99,3,New/Occasional
C05754,94,5,2856.38,3,New/Occasional
C05755,91,20,848.82,3,New/Occasional
C05756,45,53,15745.34,2,VIP
C05757,27,4,155.05,3,New/Occasional
C05758,52,8,298.35,3,New/Occasional
C05759,39,37,5178.75,0,Loyal Mid-Tier
C05760,44,24,712.65,3,New/Occasional
C05761,49,2,243.68,3,New/Occasional
C05762,60,4,339.07,3,New/Occasional
C05763,83,17,530.29,3,New/Occasional
C05764,102,10,190.22,3,New/Occasional
C05765,39,15,1484.68,3,New/Occasional
C05766,14,12,594.03,3,New/Occasional
C05767,52,1,100.62,3,New/Occasional
C05768,33,44,4174.6,0,Loyal Mid-Tier
C05769,42,15,218.86,3,New/Occasional
C05770,70,1,78.77,3,New/Occasional
C05771,65,10,598.65,3,New/Occasional
C05772,36,14,1797.4,3,New/Occasional
C05773,43,21,4773.5,0,Loyal Mid-Tier
C05774,30,16,909.69,3,New/Occasional
C05775,108,6,255.09,1,At-Risk
C05776,14,5,620.31,3,New/Occasional
C05777,110,22,1181.97,1,At-Risk
C05778,19,9,335.2,3,New/Occasional
C05779,207,13,544.81,1,At-Risk
C05780,85,16,1828.82,3,New/Occasional
C05781,25,14,1835.81,3,New/Occasional
C05782,163,3,253.52,1,At-Risk
C05783,4,35,6926.33,0,Loyal Mid-Tier
C05784,20,25,2297.91,0,Loyal Mid-Tier
C05785,78,3,109.03,3,New/Occasional
C05786,41,36,3598.44,0,Loyal Mid-Tier
C05787,2,11,1471.57,3,New/Occasional
C05788,139,65,5320.48,0,Loyal Mid-Tier
C05789,48,6,335.35,3,New/Occasional
C05790,91,2,336.84,3,New/Occasional
C05791,38,9,908.34,3,New/Occasional
C05792,73,16,1242.04,3,New/Occasional
C05793,30,9,630.26,3,New/Occasional
C05794,33,15,1030.79,3,New/Occasional
C05795,16,15,649.08,3,New/Occasional
C05796,109,4,564.25,1,At-Risk
C05797,5,8,927.04,3,New/Occasional
C05798,24,24,2242.61,0,Loyal Mid-Tier
C05799,193,3,113.2,1,At-Risk
C05800,23,62,6078.76,0,Loyal Mid-Tier
C05801,0,28,5067.75,0,Loyal Mid-Tier
C05802,88,10,282.43,3,New/Occasional
C05803,3,8,665.31,3,New/Occasional
C05804,99,12,569.91,3,New/Occasional
C05805,97,16,2070.21,1,At-Risk
C05806,167,15,1138.54,1,At-Risk
C05807,106,18,836.02,1,At-Risk
C05808,124,5,317.53,1,At-Risk
C05809,103,50,1259.13,0,Loyal Mid-Tier
C05810,307,8,1198.76,1,At-Risk
C05811,5,4,592.98,3,New/Occasional
C05812,28,3,357.15,3,New/Occasional
C05813,14,19,3219.36,0,Loyal Mid-Tier
C05814,61,14,1293.6,3,New/Occasional
C05815,35,5,244.48,3,New/Occasional
C05816,86,4,188.9,3,New/Occasional
C05817,77,41,1399.52,0,Loyal Mid-Tier
C05818,19,10,276.65,3,New/Occasional
C05819,7,35,1772.57,0,Loyal Mid-Tier
C05820,60,4,255.33,3,New/Occasional
C05821,0,38,1823.16,0,Loyal Mid-Tier
C05822,72,25,5024.99,0,Loyal Mid-Tier
C05823,14,18,1274.56,3,New/Occasional
C05824,21,4,123.63,3,New/Occasional
C05825,18,22,376.59,3,New/Occasional
C05826,144,3,179.51,1,At-Risk
C05827,82,1,98.48,3,New/Occasional
C05828,161,7,933.95,1,At-Risk
C05829,19,20,3215.1,0,Loyal Mid-Tier
C05830,89,24,592.47,3,New/Occasional
C05831,49,5,267.92,3,New/Occasional
C05832,15,17,1010.57,3,New/Occasional
C05833,70,11,2415.84,3,New/Occasional
C05834,2,11,566.76,3,New/Occasional
C05835,35,29,1489.92,0,Loyal Mid-Tier
C05836,188,18,1060.51,1,At-Risk
C05837,31,30,1995.68,0,Loyal Mid-Tier
C05838,260,8,347.99,1,At-Risk
C05839,9,16,473.48,3,New/Occasional
C05840,173,13,1535.44,1,At-Risk
C05841,4,11,1400.13,3,New/Occasional
C05842,157,18,747.04,1,At-Risk
C05843,5,30,1382.68,0,Loyal Mid-Tier
C05844,20,32,3661.04,0,Loyal Mid-Tier
C05845,33,2,466.52,3,New/Occasional
C05846,214,6,134.72,1,At-Risk
C05847,19,7,235.51,3,New/Occasional
C05848,9,53,7626.98,2,VIP
C05849,63,4,737.1,3,New/Occasional
C05850,43,2,96.15,3,New/Occasional
C05851,41,6,157.9,3,New/Occasional
C05852,45,2,40.24,3,New/Occasional
C05853,246,2,72.15,1,At-Risk
C05854,0,2,80.67,3,New/Occasional
C05855,13,11,984.53,3,New/Occasional
C05856,77,8,1930.45,3,New/Occasional
C05857,40,19,725.21,3,New/Occasional
C05858,47,19,879.7,3,New/Occasional
C05859,82,7,2706.49,3,New/Occasional
C05860,24,11,514.11,3,New/Occasional
C05861,58,17,945.34,3,New/Occasional
C05862,66,13,6633.06,0,Loyal Mid-Tier
C05863,37,7,1273.95,3,New/Occasional
C05864,33,5,289.6,3,New/Occasional
C05865,19,11,409.19,3,New/Occasional
C05866,113,10,917.93,1,At-Risk
C05867,20,5,104.73,3,New/Occasional
C05868,0,34,680.83,0,Loyal Mid-Tier
C05869,7,2,48.87,3,New/Occasional
C05870,142,10,365.32,1,At-Risk
C05871,39,68,5687.98,0,Loyal Mid-Tier
C05872,106,4,121.71,1,At-Risk
C05873,38,28,925.87,0,Loyal Mid-Tier
C05874,47,5,248.91,3,New/Occasional
C05875,40,4,630.53,3,New/Occasional
C05876,86,4,235.87,3,New/Occasional
C05877,208,17,1245.7,1,At-Risk
C05878,2,16,2887.68,3,New/Occasional
C05879,0,16,1185.28,3,New/Occasional
C05880,24,21,2162.78,3,New/Occasional
C05881,13,2,74.45,3,New/Occasional
C05882,279,6,175.18,1,At-Risk
C05883,3,34,3471.57,0,Loyal Mid-Tier
C05884,149,53,5221.59,0,Loyal Mid-Tier
C05885,0,11,421.43,3,New/Occasional
C05886,58,17,642.72,3,New/Occasional
C05887,39,16,1289.77,3,New/Occasional
C05888,26,1,18.37,3,New/Occasional
C05889,33,12,422.1,3,New/Occasional
C05890,42,24,1253.46,3,New/Occasional
C05891,168,20,932.68,1,At-Risk
C05892,205,16,972.36,1,At-Risk
C05893,9,28,1473.58,0,Loyal Mid-Tier
C05894,55,2,104.33,3,New/Occasional
C05895,3,1,73.82,3,New/Occasional
C05896,36,3,338.82,3,New/Occasional
C05897,135,2,52.55,1,At-Risk
C05898,10,8,299.31,3,New/Occasional
C05899,0,12,4239.82,3,New/Occasional
C05900,17,1,47.48,3,New/Occasional
C05901,101,6,201.69,3,New/Occasional
C05902,18,10,455.76,3,New/Occasional
C05903,2,18,972.46,3,New/Occasional
C05904,24,12,3184.76,3,New/Occasional
C05905,27,3,243.72,3,New/Occasional
C05906,102,2,151.38,3,New/Occasional
C05907,37,1,186.74,3,New/Occasional
C05908,77,8,292.76,3,New/Occasional
C05909,110,9,333.04,1,At-Risk
C05910,81,15,430.65,3,New/Occasional
C05911,178,10,632.46,1,At-Risk
C05912,34,1,67.53,3,New/Occasional
C05913,21,21,5851.59,0,Loyal Mid-Tier
C05914,169,35,1487.95,1,At-Risk
C05915,66,3,191.59,3,New/Occasional
C05916,28,40,1085.27,0,Loyal Mid-Tier
C05917,31,4,196.27,3,New/Occasional
C05918,6,8,846.89,3,New/Occasional
C05919,157,13,2827.15,1,At-Risk
C05920,0,3,49.95,3,New/Occasional
C05921,47,10,890.92,3,New/Occasional
C05922,202,12,563.76,1,At-Risk
C05923,9,18,1776.03,3,New/Occasional
C05924,10,1,34.22,3,New/Occasional
C05925,212,5,139.68,1,At-Risk
C05926,9,13,826.5,3,New/Occasional
C05927,58,5,459.8,3,New/Occasional
C05928,24,7,1218.43,3,New/Occasional
C05929,72,1,113.12,3,New/Occasional
C05930,45,3,312.97,3,New/Occasional
C05931,32,18,889.03,3,New/Occasional
C05932,17,12,1260.95,3,New/Occasional
C05933,137,28,2873.95,1,At-Risk
C05934,196,5,823.63,1,At-Risk
C05935,52,17,1014.25,3,New/Occasional
C05936,108,7,899.79,1,At-Risk
C05937,91,1,45.83,3,New/Occasional
C05938,63,7,305.97,3,New/Occasional
C05939,10,9,2024.04,3,New/Occasional
C05940,24,3,171.57,3,New/Occasional
C05941,152,17,1081.43,1,At-Risk
C05942,16,11,704.4,3,New/Occasional
C05943,5,42,15630.04,2,VIP
C05944,40,11,1213.69,3,New/Occasional
C05945,85,7,199.63,3,New/Occasional
C05946,68,5,823.93,3,New/Occasional
C05947,48,3,242.07,3,New/Occasional
C05948,2,5,162.21,3,New/Occasional
C05949,20,23,725.25,3,New/Occasional
C05950,138,8,380.53,1,At-Risk
C05951,14,20,1359.16,3,New/Occasional
C05952,82,4,90.96,3,New/Occasional
C05953,90,47,871.48,0,Loyal Mid-Tier
C05954,16,8,640.23,3,New/Occasional
C05955,54,8,1304.21,3,New/Occasional
C05956,2,31,1362.11,0,Loyal Mid-Tier
C05957,81,18,1423.33,3,New/Occasional
C05958,55,8,750.04,3,New/Occasional
C05959,11,25,2216.8,0,Loyal Mid-Tier
C05960,4,3,1220.59,3,New/Occasional
C05961,70,26,3718.24,0,Loyal Mid-Tier
C05962,4,17,1317.76,3,New/Occasional
C05963,16,9,695.59,3,New/Occasional
C05964,1,27,1297.76,0,Loyal Mid-Tier
C05965,58,19,1069.33,3,New/Occasional
C05966,4,1,81.71,3,New/Occasional
C05967,46,37,1153.04,0,Loyal Mid-Tier
C05968,124,21,873.13,1,At-Risk
C05969,99,32,1892.48,0,Loyal Mid-Tier
C05970,136,23,2268.54,1,At-Risk
C05971,74,44,695.03,0,Loyal Mid-Tier
C05972,67,44,963.33,0,Loyal Mid-Tier
C05973,52,10,852.79,3,New/Occasional
C05974,73,8,748.61,3,New/Occasional
C05975,90,16,424.48,3,New/Occasional
C05976,10,63,3315.38,0,Loyal Mid-Tier
C05977,31,10,520.01,3,New/Occasional
C05978,20,9,596.27,3,New/Occasional
C05979,151,1,45.1,1,At-Risk
C05980,97,15,811.83,3,New/Occasional
C05981,23,1,141.29,3,New/Occasional
C05982,135,4,140.13,1,At-Risk
C05983,126,24,940.36,1,At-Risk
C05984,89,28,2743.19,0,Loyal Mid-Tier
C05985,4,7,1148.7,3,New/Occasional
C05986,83,2,223.68,3,New/Occasional
C05987,28,11,1688.84,3,New/Occasional
C05988,7,14,805.67,3,New/Occasional
C05989,123,30,1148.43,1,At-Risk
C05990,35,34,595.8,0,Loyal Mid-Tier
C05991,7,9,189.06,3,New/Occasional
C05992,95,20,1593.78,3,New/Occasional
C05993,9,42,1095.3,0,Loyal Mid-Tier
C05994,38,6,392.8,3,New/Occasional
C05995,57,2,52.04,3,New/Occasional
C05996,22,38,2388.71,0,Loyal Mid-Tier
C05997,73,5,997.53,3,New/Occasional
C05998,244,20,2206.74,1,At-Risk
C05999,66,28,1674.49,0,Loyal Mid-Tier
C06000,42,21,1055.57,3,New/Occasional
C06001,165,15,2024.24,1,At-Risk
C06002,76,4,692.32,3,New/Occasional
C06003,83,19,903.64,3,New/Occasional
C06004,67,38,2130.09,0,Loyal Mid-Tier
C06005,79,2,193.2,3,New/Occasional
C06006,122,22,1696.96,1,At-Risk
C06007,151,18,8135.66,2,VIP
C06008,14,51,1901.31,0,Loyal Mid-Tier
C06009,11,42,18365.99,2,VIP
C06010,158,6,863.25,1,At-Risk
C06011,5,21,596.43,3,New/Occasional
C06012,47,60,4090.6,0,Loyal Mid-Tier
C06013,1,31,1081.9,0,Loyal Mid-Tier
C06014,19,5,202.18,3,New/Occasional
C06015,10,20,4064.36,0,Loyal Mid-Tier
C06016,43,10,299.41,3,New/Occasional
C06017,127,25,1337.04,1,At-Risk
C06018,57,2,239.94,3,New/Occasional
C06019,53,27,2120.12,0,Loyal Mid-Tier
C06020,224,23,879.94,1,At-Risk
C06021,92,32,4622.7,0,Loyal Mid-Tier
C06022,33,16,628.26,3,New/Occasional
C06023,29,15,2271.09,3,New/Occasional
C06024,66,19,532.77,3,New/Occasional
C06025,71,45,2870.6,0,Loyal Mid-Tier
C06026,22,39,3353.14,0,Loyal Mid-Tier
C06027,4,1,90.34,3,New/Occasional
C06028,5,22,1388.04,3,New/Occasional
C06029,41,6,307.94,3,New/Occasional
C06030,138,2,81.77,1,At-Risk
C06031,17,16,2014.8,3,New/Occasional
C06032,65,10,794.19,3,New/Occasional
C06033,0,3,124.46,3,New/Occasional
C06034,188,11,382.79,1,At-Risk
C06035,14,38,1375.03,0,Loyal Mid-Tier
C06036,75,27,1011.72,0,Loyal Mid-Tier
C06037,54,15,1011.95,3,New/Occasional
C06038,38,5,1577.04,3,New/Occasional
C06039,4,17,696.61,3,New/Occasional
C06040,8,41,4156.59,0,Loyal Mid-Tier
C06041,61,15,3878.07,0,Loyal Mid-Tier
C06042,49,4,703.35,3,New/Occasional
C06043,7,20,1406.29,3,New/Occasional
C06044,20,19,3229.2,0,Loyal Mid-Tier
C06045,150,1,127.64,1,At-Risk
C06046,38,10,825.1,3,New/Occasional
C06047,3,10,821.79,3,New/Occasional
C06048,41,20,1687.7,3,New/Occasional
C06049,60,1,127.08,3,New/Occasional
C06050,21,15,1572.48,3,New/Occasional
C06051,0,20,3395.21,0,Loyal Mid-Tier
C06052,110,6,297.46,1,At-Risk
C06053,63,3,206.98,3,New/Occasional
C06054,57,10,3297.51,3,New/Occasional
C06055,99,9,324.53,3,New/Occasional
C06056,171,5,860.87,1,At-Risk
C06057,76,8,240.0,3,New/Occasional
C06058,62,5,1475.72,3,New/Occasional
C06059,17,25,1249.3,3,New/Occasional
C06060,266,3,718.1,1,At-Risk
C06061,4,25,2286.62,0,Loyal Mid-Tier
C06062,3,14,341.05,3,New/Occasional
C06063,22,20,1542.2,3,New/Occasional
C06064,15,13,673.25,3,New/Occasional
C06065,83,18,322.97,3,New/Occasional
C06066,225,63,7971.32,2,VIP
C06067,73,2,74.98,3,New/Occasional
C06068,26,21,2806.43,0,Loyal Mid-Tier
C06069,143,26,2449.51,1,At-Risk
C06070,37,7,1309.62,3,New/Occasional
C06071,14,31,2914.32,0,Loyal Mid-Tier
C06072,10,14,1878.59,3,New/Occasional
C06073,14,1,53.74,3,New/Occasional
C06074,48,12,905.98,3,New/Occasional
C06075,10,32,2915.7,0,Loyal Mid-Tier
C06076,92,55,1040.22,0,Loyal Mid-Tier
C06077,3,52,4741.72,0,Loyal Mid-Tier
C06078,38,38,2778.42,0,Loyal Mid-Tier
C06079,10,1,65.17,3,New/Occasional
C06080,45,2,137.43,3,New/Occasional
C06081,139,74,7550.39,2,VIP
C06082,12,28,4825.51,0,Loyal Mid-Tier
C06083,46,3,272.32,3,New/Occasional
C06084,29,45,15297.86,2,VIP
C06085,13,35,1997.08,0,Loyal Mid-Tier
C06086,68,5,137.96,3,New/Occasional
C06087,17,10,3760.76,3,New/Occasional
C06088,97,2,132.89,3,New/Occasional
C06089,105,1,61.68,3,New/Occasional
C06090,15,3,159.61,3,New/Occasional
C06091,33,17,1615.34,3,New/Occasional
C06092,142,58,3078.66,0,Loyal Mid-Tier
C06093,17,37,5871.97,0,Loyal Mid-Tier
C06094,117,14,688.43,1,At-Risk
C06095,175,64,1503.28,0,Loyal Mid-Tier
C06096,32,10,70.53,3,New/Occasional
C06097,11,35,6580.09,0,Loyal Mid-Tier
C06098,19,33,2591.03,0,Loyal Mid-Tier
C06099,54,12,839.21,3,New/Occasional
C06100,198,7,156.71,1,At-Risk
C06101,67,5,755.95,3,New/Occasional
C06102,40,22,2306.21,0,Loyal Mid-Tier
C06103,8,36,879.29,0,Loyal Mid-Tier
C06104,56,30,637.94,0,Loyal Mid-Tier
C06105,418,11,1072.85,1,At-Risk
C06106,68,12,296.57,3,New/Occasional
C06107,8,10,171.78,3,New/Occasional
C06108,100,52,3048.85,0,Loyal Mid-Tier
C06109,2,4,897.43,3,New/Occasional
C06110,12,8,2155.68,3,New/Occasional
C06111,104,35,2129.24,0,Loyal Mid-Tier
C06112,4,16,702.51,3,New/Occasional
C06113,47,23,2196.39,0,Loyal Mid-Tier
C06114,112,15,423.46,1,At-Risk
C06115,9,23,1409.65,3,New/Occasional
C06116,3,8,154.77,3,New/Occasional
C06117,4,2,68.92,3,New/Occasional
C06118,12,25,1367.51,3,New/Occasional
C06119,18,1,164.88,3,New/Occasional
C06120,91,12,1020.72,3,New/Occasional
C06121,3,23,1918.44,3,New/Occasional
C06122,61,36,3621.43,0,Loyal Mid-Tier
C06123,121,35,3753.37,0,Loyal Mid-Tier
C06124,23,28,2132.06,0,Loyal Mid-Tier
C06125,2,8,862.28,3,New/Occasional
C06126,17,17,3701.8,0,Loyal Mid-Tier
C06127,2,22,1338.98,3,New/Occasional
C06128,148,4,80.74,1,At-Risk
C06129,115,45,2594.16,0,Loyal Mid-Tier
C06130,21,6,45.57,3,New/Occasional
C06131,63,40,2262.57,0,Loyal Mid-Tier
C06132,74,21,1272.24,3,New/Occasional
C06133,10,16,459.78,3,New/Occasional
C06134,41,3,270.63,3,New/Occasional
C06135,25,7,1049.82,3,New/Occasional
C06136,140,7,113.53,1,At-Risk
C06137,8,7,465.82,3,New/Occasional
C06138,22,36,1173.08,0,Loyal Mid-Tier
C06139,166,7,761.01,1,At-Risk
C06140,23,10,222.43,3,New/Occasional
C06141,162,27,13500.15,2,VIP
C06142,178,21,3485.83,1,At-Risk
C06143,70,59,1235.25,0,Loyal Mid-Tier
C06144,121,5,318.03,1,At-Risk
C06145,0,57,1303.04,0,Loyal Mid-Tier
C06146,27,5,466.66,3,New/Occasional
C06147,29,4,380.27,3,New/Occasional
C06148,145,2,131.86,1,At-Risk
C06149,69,15,2563.28,3,New/Occasional
C06150,4,3,267.99,3,New/Occasional
C06151,6,15,807.38,3,New/Occasional
C06152,34,5,1816.39,3,New/Occasional
C06153,121,9,936.39,1,At-Risk
C06154,4,16,917.3,3,New/Occasional
C06155,48,20,684.76,3,New/Occasional
C06156,153,17,1391.24,1,At-Risk
C06157,31,21,3278.17,0,Loyal Mid-Tier
C06158,146,11,2064.52,1,At-Risk
C06159,111,10,443.79,1,At-Risk
C06160,45,11,379.91,3,New/Occasional
C06161,42,43,746.26,0,Loyal Mid-Tier
C06162,71,28,7409.57,0,Loyal Mid-Tier
C06163,11,35,6234.09,0,Loyal Mid-Tier
C06164,17,16,1999.81,3,New/Occasional
C06165,0,2,28.26,3,New/Occasional
C06166,87,30,1429.04,0,Loyal Mid-Tier
C06167,11,6,162.29,3,New/Occasional
C06168,71,6,211.26,3,New/Occasional
C06169,6,16,995.41,3,New/Occasional
C06170,27,18,2393.64,3,New/Occasional
C06171,18,33,1868.14,0,Loyal Mid-Tier
C06172,11,12,471.72,3,New/Occasional
C06173,204,8,486.59,1,At-Risk
C06174,82,1,193.0,3,New/Occasional
C06175,59,24,1898.64,0,Loyal Mid-Tier
C06176,15,29,3790.63,0,Loyal Mid-Tier
C06177,48,16,883.44,3,New/Occasional
C06178,53,2,152.04,3,New/Occasional
C06179,119,7,349.03,1,At-Risk
C06180,22,1,31.36,3,New/Occasional
C06181,49,6,533.87,3,New/Occasional
C06182,100,17,646.15,1,At-Risk
C06183,201,8,342.34,1,At-Risk
C06184,3,29,2705.63,0,Loyal Mid-Tier
C06185,4,8,837.44,3,New/Occasional
C06186,1,13,2791.51,3,New/Occasional
C06187,9,35,4089.09,0,Loyal Mid-Tier
C06188,61,25,1310.99,0,Loyal Mid-Tier
C06189,37,5,429.76,3,New/Occasional
C06190,15,25,1807.28,0,Loyal Mid-Tier
C06191,10,18,838.65,3,New/Occasional
C06192,11,3,89.75,3,New/Occasional
C06193,3,15,401.55,3,New/Occasional
C06194,52,19,535.81,3,New/Occasional
C06195,7,21,4929.11,0,Loyal Mid-Tier
C06196,29,2,113.57,3,New/Occasional
C06197,4,29,2754.13,0,Loyal Mid-Tier
C06198,98,30,1537.52,0,Loyal Mid-Tier
C06199,0,22,2525.51,0,Loyal Mid-Tier
C06200,0,6,664.31,3,New/Occasional
C06201,8,10,560.99,3,New/Occasional
C06202,32,1,232.24,3,New/Occasional
C06203,82,48,15800.44,2,VIP
C06204,175,25,742.68,1,At-Risk
C06205,1,9,1300.14,3,New/Occasional
C06206,24,6,978.55,3,New/Occasional
C06207,137,1,30.2,1,At-Risk
C06208,71,7,639.68,3,New/Occasional
C06209,36,11,1745.69,3,New/Occasional
C06210,98,19,1253.66,1,At-Risk
C06211,16,8,198.18,3,New/Occasional
C06212,82,15,490.41,3,New/Occasional
C06213,10,20,2287.48,3,New/Occasional
C06214,4,4,161.28,3,New/Occasional
C06215,45,12,243.98,3,New/Occasional
C06216,22,2,1937.82,3,New/Occasional
C06217,52,13,2457.49,3,New/Occasional
C06218,172,13,426.76,1,At-Risk
C06219,29,17,328.14,3,New/Occasional
C06220,78,13,2065.37,3,New/Occasional
C06221,7,22,1220.97,3,New/Occasional
C06222,19,2,48.95,3,New/Occasional
C06223,68,21,1668.92,3,New/Occasional
C06224,167,35,860.67,1,At-Risk
C06225,47,10,1729.75,3,New/Occasional
C06226,1,13,740.74,3,New/Occasional
C06227,87,39,2935.87,0,Loyal Mid-Tier
C06228,317,34,2227.65,1,At-Risk
C06229,124,13,813.37,1,At-Risk
C06230,24,45,1198.81,0,Loyal Mid-Tier
C06231,3,15,151.94,3,New/Occasional
C06232,93,9,941.29,3,New/Occasional
C06233,49,8,616.76,3,New/Occasional
C06234,22,9,296.67,3,New/Occasional
C06235,55,26,794.65,3,New/Occasional
C06236,3,10,2490.97,3,New/Occasional
C06237,319,30,5778.43,1,At-Risk
C06238,97,1,148.16,3,New/Occasional
C06239,8,1,106.55,3,New/Occasional
C06240,40,62,3492.94,0,Loyal Mid-Tier
C06241,33,3,259.76,3,New/Occasional
C06242,244,4,622.98,1,At-Risk
C06243,131,26,5177.62,0,Loyal Mid-Tier
C06244,45,1,51.43,3,New/Occasional
C06245,25,7,145.53,3,New/Occasional
C06246,15,1,91.97,3,New/Occasional
C06247,14,47,12411.9,2,VIP
C06248,60,12,1629.59,3,New/Occasional
C06249,3,17,4230.04,0,Loyal Mid-Tier
C06250,25,49,2472.94,0,Loyal Mid-Tier
C06251,36,6,359.21,3,New/Occasional
C06252,126,33,2028.24,0,Loyal Mid-Tier
C06253,80,9,538.8,3,New/Occasional
C06254,55,3,468.53,3,New/Occasional
C06255,35,14,1544.39,3,New/Occasional
C06256,21,20,1974.94,3,New/Occasional
C06257,3,34,674.21,0,Loyal Mid-Tier
C06258,6,6,449.7,3,New/Occasional
C06259,95,18,2883.32,1,At-Risk
C06260,12,3,192.87,3,New/Occasional
C06261,36,10,371.64,3,New/Occasional
C06262,162,1,48.36,1,At-Risk
C06263,0,64,1078.06,0,Loyal Mid-Tier
C06264,118,3,239.34,1,At-Risk
C06265,113,2,41.74,1,At-Risk
C06266,53,6,401.91,3,New/Occasional
C06267,116,15,1570.86,1,At-Risk
C06268,49,3,30.88,3,New/Occasional
C06269,86,10,943.19,3,New/Occasional
C06270,30,25,1391.75,0,Loyal Mid-Tier
C06271,10,17,1527.05,3,New/Occasional
C06272,38,2,101.93,3,New/Occasional
C06273,88,23,333.29,3,New/Occasional
C06274,12,9,564.48,3,New/Occasional
C06275,122,48,4469.84,0,Loyal Mid-Tier
C06276,1,18,286.78,3,New/Occasional
C06277,72,3,234.56,3,New/Occasional
C06278,43,2,135.12,3,New/Occasional
C06279,1,24,1092.1,3,New/Occasional
C06280,90,12,956.46,3,New/Occasional
C06281,7,22,943.79,3,New/Occasional
C06282,52,13,725.76,3,New/Occasional
C06283,56,39,2781.22,0,Loyal Mid-Tier
C06284,88,8,704.34,3,New/Occasional
C06285,46,12,374.31,3,New/Occasional
C06286,207,5,255.86,1,At-Risk
C06287,77,24,3807.94,0,Loyal Mid-Tier
C06288,72,48,5961.87,0,Loyal Mid-Tier
C06289,2,37,12941.65,2,VIP
C06290,17,17,1511.04,3,New/Occasional
C06291,156,10,1409.54,1,At-Risk
C06292,45,6,461.79,3,New/Occasional
C06293,77,22,596.27,3,New/Occasional
C06294,101,34,1877.74,0,Loyal Mid-Tier
C06295,0,22,1457.45,3,New/Occasional
C06296,120,5,534.04,1,At-Risk
C06297,9,1,193.93,3,New/Occasional
C06298,48,2,190.52,3,New/Occasional
C06299,86,4,2343.17,3,New/Occasional
C06300,9,9,650.99,3,New/Occasional
C06301,47,25,4757.41,0,Loyal Mid-Tier
C06302,9,9,1105.7,3,New/Occasional
C06303,12,5,141.32,3,New/Occasional
C06304,33,5,740.91,3,New/Occasional
C06305,335,10,1501.19,1,At-Risk
C06306,64,35,2865.58,0,Loyal Mid-Tier
C06307,28,26,15536.43,2,VIP
C06308,9,46,6765.76,0,Loyal Mid-Tier
C06309,38,25,1352.66,0,Loyal Mid-Tier
C06310,25,8,1046.48,3,New/Occasional
C06311,74,8,869.96,3,New/Occasional
C06312,128,6,352.34,1,At-Risk
C06313,104,8,543.95,1,At-Risk
C06314,162,10,663.91,1,At-Risk
C06315,56,34,3150.54,0,Loyal Mid-Tier
C06316,129,8,580.3,1,At-Risk
C06317,96,1,43.9,3,New/Occasional
C06318,158,27,3021.04,1,At-Risk
C06319,61,3,214.2,3,New/Occasional
C06320,46,41,3515.93,0,Loyal Mid-Tier
C06321,2,20,1826.26,3,New/Occasional
C06322,3,21,2060.93,3,New/Occasional
C06323,60,1,236.37,3,New/Occasional
C06324,13,19,1348.36,3,New/Occasional
C06325,10,12,2188.46,3,New/Occasional
C06326,97,8,397.38,3,New/Occasional
C06327,97,39,3479.95,0,Loyal Mid-Tier
C06328,43,28,1776.1,0,Loyal Mid-Tier
C06329,57,32,9364.13,2,VIP
C06330,63,18,837.54,3,New/Occasional
C06331,34,3,227.83,3,New/Occasional
C06332,33,5,279.05,3,New/Occasional
C06333,15,27,661.54,3,New/Occasional
C06334,67,1,62.63,3,New/Occasional
C06335,21,16,1089.59,3,New/Occasional
C06336,15,52,3515.84,0,Loyal Mid-Tier
C06337,45,21,454.35,3,New/Occasional
C06338,35,3,160.66,3,New/Occasional
C06339,23,19,1968.69,3,New/Occasional
C06340,49,2,173.97,3,New/Occasional
C06341,44,3,85.87,3,New/Occasional
C06342,56,14,7048.7,0,Loyal Mid-Tier
C06343,125,1,91.33,1,At-Risk
C06344,140,18,431.42,1,At-Risk
C06345,162,4,164.14,1,At-Risk
C06346,134,17,623.94,1,At-Risk
C06347,3,9,736.53,3,New/Occasional
C06348,19,3,298.29,3,New/Occasional
C06349,33,8,84.06,3,New/Occasional
C06350,24,21,389.56,3,New/Occasional
C06351,215,16,2508.47,1,At-Risk
C06352,81,25,5049.91,0,Loyal Mid-Tier
C06353,23,12,811.87,3,New/Occasional
C06354,6,33,3909.94,0,Loyal Mid-Tier
C06355,87,3,420.17,3,New/Occasional
C06356,44,1,34.56,3,New/Occasional
C06357,1,12,868.17,3,New/Occasional
C06358,30,17,3466.34,3,New/Occasional
C06359,77,40,2157.31,0,Loyal Mid-Tier
C06360,22,4,795.0,3,New/Occasional
C06361,140,7,312.48,1,At-Risk
C06362,89,44,5856.82,0,Loyal Mid-Tier
C06363,138,14,811.9,1,At-Risk
C06364,32,2,83.48,3,New/Occasional
C06365,44,33,2565.69,0,Loyal Mid-Tier
C06366,80,43,1587.24,0,Loyal Mid-Tier
C06367,3,13,578.51,3,New/Occasional
C06368,4,4,102.99,3,New/Occasional
C06369,77,30,3269.21,0,Loyal Mid-Tier
C06370,43,1,41.92,3,New/Occasional
C06371,129,7,749.17,1,At-Risk
C06372,131,14,288.99,1,At-Risk
C06373,23,15,976.93,3,New/Occasional
C06374,71,17,1839.03,3,New/Occasional
C06375,15,17,759.93,3,New/Occasional
C06376,53,21,2175.51,3,New/Occasional
C06377,16,22,1976.38,3,New/Occasional
C06378,81,20,755.98,3,New/Occasional
C06379,191,29,1453.93,1,At-Risk
C06380,52,6,550.26,3,New/Occasional
C06381,30,21,1788.65,3,New/Occasional
C06382,9,46,1442.14,0,Loyal Mid-Tier
C06383,89,11,1696.28,3,New/Occasional
C06384,62,20,1061.8,3,New/Occasional
C06385,138,13,537.13,1,At-Risk
C06386,72,15,506.69,3,New/Occasional
C06387,27,4,123.71,3,New/Occasional
C06388,9,13,1246.12,3,New/Occasional
C06389,19,14,1715.83,3,New/Occasional
C06390,142,35,2084.83,1,At-Risk
C06391,16,5,579.0,3,New/Occasional
C06392,116,18,3033.99,1,At-Risk
C06393,18,2,423.26,3,New/Occasional
C06394,186,39,1266.4,1,At-Risk
C06395,72,11,671.3,3,New/Occasional
C06396,12,9,4566.02,3,New/Occasional
C06397,5,17,938.59,3,New/Occasional
C06398,41,5,165.36,3,New/Occasional
C06399,14,24,1890.38,0,Loyal Mid-Tier
C06400,77,6,766.63,3,New/Occasional
C06401,162,9,1537.82,1,At-Risk
C06402,33,4,204.95,3,New/Occasional
C06403,8,9,585.8,3,New/Occasional
C06404,55,2,262.06,3,New/Occasional
C06405,86,26,1841.83,0,Loyal Mid-Tier
C06406,10,12,3353.08,3,New/Occasional
C06407,121,9,1961.41,1,At-Risk
C06408,65,5,3097.89,3,New/Occasional
C06409,18,30,3735.31,0,Loyal Mid-Tier
C06410,8,6,262.5,3,New/Occasional
C06411,28,20,8823.84,2,VIP
C06412,146,12,956.17,1,At-Risk
C06413,135,14,263.92,1,At-Risk
C06414,55,5,234.49,3,New/Occasional
C06415,262,9,534.93,1,At-Risk
C06416,21,24,10679.95,2,VIP
C06417,30,18,808.58,3,New/Occasional
C06418,5,21,1428.61,3,New/Occasional
C06419,35,20,2250.9,3,New/Occasional
C06420,34,55,8865.07,2,VIP
C06421,6,33,391.2,0,Loyal Mid-Tier
C06422,40,19,647.09,3,New/Occasional
C06423,17,3,282.99,3,New/Occasional
C06424,37,8,577.72,3,New/Occasional
C06425,52,3,606.29,3,New/Occasional
C06426,165,4,526.84,1,At-Risk
C06427,55,5,290.85,3,New/Occasional
C06428,52,12,1777.33,3,New/Occasional
C06429,77,9,724.75,3,New/Occasional
C06430,25,22,1931.97,3,New/Occasional
C06431,57,5,420.73,3,New/Occasional
C06432,84,1,56.12,3,New/Occasional
C06433,24,12,732.48,3,New/Occasional
C06434,99,2,207.77,3,New/Occasional
C06435,24,2,608.14,3,New/Occasional
C06436,144,3,404.58,1,At-Risk
C06437,13,10,1122.14,3,New/Occasional
C06438,199,1,79.68,1,At-Risk
C06439,7,23,657.69,3,New/Occasional
C06440,0,18,4859.43,0,Loyal Mid-Tier
C06441,211,12,802.79,1,At-Risk
C06442,1,3,84.57,3,New/Occasional
C06443,68,2,191.0,3,New/Occasional
C06444,4,14,387.16,3,New/Occasional
C06445,44,1,50.22,3,New/Occasional
C06446,32,30,3224.06,0,Loyal Mid-Tier
C06447,3,2,475.58,3,New/Occasional
C06448,49,14,913.25,3,New/Occasional
C06449,55,4,307.15,3,New/Occasional
C06450,119,46,2702.04,0,Loyal Mid-Tier
C06451,22,7,852.99,3,New/Occasional
C06452,41,6,1203.68,3,New/Occasional
C06453,20,4,230.96,3,New/Occasional
C06454,46,36,1132.89,0,Loyal Mid-Tier
C06455,49,10,416.16,3,New/Occasional
C06456,16,35,2171.99,0,Loyal Mid-Tier
C06457,10,17,1510.43,3,New/Occasional
C06458,11,19,1915.34,3,New/Occasional
C06459,19,57,3172.9,0,Loyal Mid-Tier
C06460,33,19,1779.14,3,New/Occasional
C06461,126,4,326.02,1,At-Risk
C06462,38,8,165.07,3,New/Occasional
C06463,6,1,65.56,3,New/Occasional
C06464,24,4,116.59,3,New/Occasional
C06465,7,9,1866.6,3,New/Occasional
C06466,104,11,153.92,1,At-Risk
C06467,22,4,285.6,3,New/Occasional
C06468,51,13,616.45,3,New/Occasional
C06469,54,2,101.37,3,New/Occasional
C06470,178,35,1254.47,1,At-Risk
C06471,42,37,1860.14,0,Loyal Mid-Tier
C06472,35,13,1052.29,3,New/Occasional
C06473,6,2,96.8,3,New/Occasional
C06474,62,16,1082.92,3,New/Occasional
C06475,66,38,844.65,0,Loyal Mid-Tier
C06476,36,19,4082.06,0,Loyal Mid-Tier
C06477,27,40,2118.94,0,Loyal Mid-Tier
C06478,59,17,517.17,3,New/Occasional
C06479,31,6,772.41,3,New/Occasional
C06480,6,15,1075.94,3,New/Occasional
C06481,55,10,148.92,3,New/Occasional
C06482,27,46,598.48,0,Loyal Mid-Tier
C06483,6,29,937.85,0,Loyal Mid-Tier
C06484,15,24,1713.71,0,Loyal Mid-Tier
C06485,66,20,1261.49,3,New/Occasional
C06486,0,38,5215.7,0,Loyal Mid-Tier
C06487,124,2,216.89,1,At-Risk
C06488,127,19,1060.99,1,At-Risk
C06489,67,13,728.32,3,New/Occasional
C06490,40,1,45.59,3,New/Occasional
C06491,57,36,3735.61,0,Loyal Mid-Tier
C06492,136,29,3028.47,1,At-Risk
C06493,53,55,4036.29,0,Loyal Mid-Tier
C06494,26,50,588.96,0,Loyal Mid-Tier
C06495,4,6,182.83,3,New/Occasional
C06496,12,34,5526.8,0,Loyal Mid-Tier
C06497,19,1,20.01,3,New/Occasional
C06498,17,41,3368.89,0,Loyal Mid-Tier
C06499,45,10,1384.57,3,New/Occasional
C06500,53,14,929.32,3,New/Occasional
C06501,20,1,11.96,3,New/Occasional
C06502,11,20,4891.21,0,Loyal Mid-Tier
C06503,147,17,1748.66,1,At-Risk
C06504,52,5,369.03,3,New/Occasional
C06505,4,5,337.44,3,New/Occasional
C06506,0,15,521.86,3,New/Occasional
C06507,14,11,1753.91,3,New/Occasional
C06508,89,2,103.38,3,New/Occasional
C06509,83,30,2819.31,0,Loyal Mid-Tier
C06510,40,9,85.59,3,New/Occasional
C06511,55,6,322.88,3,New/Occasional
C06512,23,17,2909.13,3,New/Occasional
C06513,25,10,1505.65,3,New/Occasional
C06514,5,10,1458.6,3,New/Occasional
C06515,94,14,1085.16,3,New/Occasional
C06516,26,10,871.74,3,New/Occasional
C06517,122,52,2469.17,0,Loyal Mid-Tier
C06518,56,18,515.46,3,New/Occasional
C06519,80,10,808.74,3,New/Occasional
C06520,39,9,412.83,3,New/Occasional
C06521,64,17,5525.51,0,Loyal Mid-Tier
C06522,15,2,78.21,3,New/Occasional
C06523,64,9,209.78,3,New/Occasional
C06524,30,50,3791.02,0,Loyal Mid-Tier
C06525,0,16,1138.64,3,New/Occasional
C06526,30,2,149.12,3,New/Occasional
C06527,119,20,1787.25,1,At-Risk
C06528,25,6,282.99,3,New/Occasional
C06529,32,8,281.43,3,New/Occasional
C06530,13,39,1675.38,0,Loyal Mid-Tier
C06531,59,20,1274.74,3,New/Occasional
C06532,182,22,3422.58,1,At-Risk
C06533,13,49,11463.86,2,VIP
C06534,2,38,1643.83,0,Loyal Mid-Tier
C06535,9,6,2639.92,3,New/Occasional
C06536,38,3,96.87,3,New/Occasional
C06537,232,10,364.54,1,At-Risk
C06538,34,13,368.43,3,New/Occasional
C06539,1,14,1949.78,3,New/Occasional
C06540,33,7,508.31,3,New/Occasional
C06541,77,24,1039.92,3,New/Occasional
C06542,22,12,2829.25,3,New/Occasional
C06543,62,11,1647.74,3,New/Occasional
C06544,14,7,1078.13,3,New/Occasional
C06545,148,2,172.33,1,At-Risk
C06546,60,17,384.5,3,New/Occasional
C06547,140,3,142.15,1,At-Risk
C06548,175,61,2735.21,0,Loyal Mid-Tier
C06549,19,17,1217.41,3,New/Occasional
C06550,261,3,97.42,1,At-Risk
C06551,79,4,95.35,3,New/Occasional
C06552,85,5,255.39,3,New/Occasional
C06553,24,46,1885.73,0,Loyal Mid-Tier
C06554,10,1,77.54,3,New/Occasional
C06555,16,13,1243.79,3,New/Occasional
C06556,57,11,644.8,3,New/Occasional
C06557,90,6,2043.8,3,New/Occasional
C06558,34,7,706.29,3,New/Occasional
C06559,26,4,251.96,3,New/Occasional
C06560,59,4,457.77,3,New/Occasional
C06561,20,1,91.78,3,New/Occasional
C06562,33,13,767.88,3,New/Occasional
C06563,15,17,2697.07,3,New/Occasional
C06564,90,53,9817.11,2,VIP
C06565,27,60,2299.44,0,Loyal Mid-Tier
C06566,34,23,2542.04,0,Loyal Mid-Tier
C06567,67,1,41.95,3,New/Occasional
C06568,81,36,2072.7,0,Loyal Mid-Tier
C06569,7,15,1943.66,3,New/Occasional
C06570,71,41,9311.31,2,VIP
C06571,6,7,1468.69,3,New/Occasional
C06572,29,2,74.56,3,New/Occasional
C06573,7,2,125.36,3,New/Occasional
C06574,75,4,203.15,3,New/Occasional
C06575,9,5,506.59,3,New/Occasional
C06576,14,7,1203.22,3,New/Occasional
C06577,41,11,629.18,3,New/Occasional
C06578,30,14,1680.81,3,New/Occasional
C06579,84,5,392.76,3,New/Occasional
C06580,19,23,911.42,3,New/Occasional
C06581,304,8,298.74,1,At-Risk
C06582,20,20,1372.48,3,New/Occasional
C06583,47,13,131.18,3,New/Occasional
C06584,60,33,376.16,0,Loyal Mid-Tier
C06585,99,10,220.79,3,New/Occasional
C06586,29,8,386.76,3,New/Occasional
C06587,5,18,1960.58,3,New/Occasional
C06588,187,20,1798.31,1,At-Risk
C06589,27,3,155.96,3,New/Occasional
C06590,53,17,782.3,3,New/Occasional
C06591,151,9,599.02,1,At-Risk
C06592,70,55,4851.97,0,Loyal Mid-Tier
C06593,23,9,273.07,3,New/Occasional
C06594,27,17,643.73,3,New/Occasional
C06595,13,29,3128.07,0,Loyal Mid-Tier
C06596,15,23,738.29,3,New/Occasional
C06597,73,3,169.49,3,New/Occasional
C06598,9,12,1251.39,3,New/Occasional
C06599,34,31,1018.56,0,Loyal Mid-Tier
C06600,20,10,401.71,3,New/Occasional
C06601,15,18,1023.42,3,New/Occasional
C06602,33,3,202.97,3,New/Occasional
C06603,29,3,173.8,3,New/Occasional
C06604,2,3,364.09,3,New/Occasional
C06605,69,4,97.99,3,New/Occasional
C06606,12,9,809.96,3,New/Occasional
C06607,39,11,349.05,3,New/Occasional
C06608,107,23,1496.24,1,At-Risk
C06609,128,12,798.32,1,At-Risk
C06610,119,2,89.38,1,At-Risk
C06611,27,26,1909.66,0,Loyal Mid-Tier
C06612,36,13,631.67,3,New/Occasional
C06613,124,4,247.29,1,At-Risk
C06614,40,2,485.39,3,New/Occasional
C06615,154,33,1150.91,1,At-Risk
C06616,4,21,1486.58,3,New/Occasional
C06617,3,12,1233.61,3,New/Occasional
C06618,106,35,3088.26,0,Loyal Mid-Tier
C06619,75,2,76.05,3,New/Occasional
C06620,61,21,1957.05,3,New/Occasional
C06621,0,23,1230.63,3,New/Occasional
C06622,10,2,94.48,3,New/Occasional
C06623,93,1,65.51,3,New/Occasional
C06624,32,17,1006.62,3,New/Occasional
C06625,43,9,479.27,3,New/Occasional
C06626,8,17,848.46,3,New/Occasional
C06627,121,18,1289.22,1,At-Risk
C06628,1,4,298.65,3,New/Occasional
C06629,6,5,162.86,3,New/Occasional
C06630,46,8,231.52,3,New/Occasional
C06631,0,63,3783.67,0,Loyal Mid-Tier
C06632,48,3,107.51,3,New/Occasional
C06633,95,1,221.32,3,New/Occasional
C06634,0,13,693.07,3,New/Occasional
C06635,41,5,544.09,3,New/Occasional
C06636,66,5,536.34,3,New/Occasional
C06637,51,27,919.02,0,Loyal Mid-Tier
C06638,24,27,1150.25,0,Loyal Mid-Tier
C06639,86,15,1172.66,3,New/Occasional
C06640,50,40,4980.39,0,Loyal Mid-Tier
C06641,83,5,721.93,3,New/Occasional
C06642,0,9,1348.9,3,New/Occasional
C06643,3,71,1317.58,0,Loyal Mid-Tier
C06644,202,3,158.79,1,At-Risk
C06645,31,19,1372.36,3,New/Occasional
C06646,110,3,738.22,1,At-Risk
C06647,95,49,4222.7,0,Loyal Mid-Tier
C06648,41,1,137.96,3,New/Occasional
C06649,82,18,2325.88,3,New/Occasional
C06650,8,35,3935.51,0,Loyal Mid-Tier
C06651,14,45,5371.23,0,Loyal Mid-Tier
C06652,30,14,960.36,3,New/Occasional
C06653,180,13,816.29,1,At-Risk
C06654,6,12,2632.42,3,New/Occasional
C06655,195,15,1115.51,1,At-Risk
C06656,10,22,403.54,3,New/Occasional
C06657,84,15,834.65,3,New/Occasional
C06658,89,6,1190.93,3,New/Occasional
C06659,73,1,123.46,3,New/Occasional
C06660,8,15,1872.67,3,New/Occasional
C06661,171,4,233.0,1,At-Risk
C06662,68,9,544.46,3,New/Occasional
C06663,101,15,999.88,1,At-Risk
C06664,41,9,382.62,3,New/Occasional
C06665,54,12,2535.41,3,New/Occasional
C06666,32,53,5967.28,0,Loyal Mid-Tier
C06667,209,18,2372.5,1,At-Risk
C06668,62,21,4061.16,0,Loyal Mid-Tier
C06669,5,39,4341.76,0,Loyal Mid-Tier
C06670,44,3,337.39,3,New/Occasional
C06671,52,21,1232.03,3,New/Occasional
C06672,3,26,1415.82,0,Loyal Mid-Tier
C06673,123,1,91.01,1,At-Risk
C06674,111,9,1588.49,1,At-Risk
C06675,55,75,7679.35,2,VIP
C06676,33,1,70.91,3,New/Occasional
C06677,155,8,721.49,1,At-Risk
C06678,59,8,1277.28,3,New/Occasional
C06679,88,18,616.88,3,New/Occasional
C06680,23,19,1892.84,3,New/Occasional
C06681,46,11,1010.7,3,New/Occasional
C06682,94,11,537.75,3,New/Occasional
C06683,40,2,78.4,3,New/Occasional
C06684,27,22,1955.69,3,New/Occasional
C06685,58,22,2328.15,0,Loyal Mid-Tier
C06686,56,6,446.85,3,New/Occasional
C06687,59,13,1006.85,3,New/Occasional
C06688,90,16,1007.78,3,New/Occasional
C06689,9,9,445.79,3,New/Occasional
C06690,25,48,4803.69,0,Loyal Mid-Tier
C06691,126,11,1106.01,1,At-Risk
C06692,46,4,489.96,3,New/Occasional
C06693,9,8,527.78,3,New/Occasional
C06694,24,17,3039.55,3,New/Occasional
C06695,185,6,298.43,1,At-Risk
C06696,31,33,1804.85,0,Loyal Mid-Tier
C06697,5,15,1007.12,3,New/Occasional
C06698,84,24,1547.7,0,Loyal Mid-Tier
C06699,80,29,1807.5,0,Loyal Mid-Tier
C06700,22,1,78.51,3,New/Occasional
C06701,61,31,5746.96,0,Loyal Mid-Tier
C06702,15,3,323.58,3,New/Occasional
C06703,169,62,1469.04,0,Loyal Mid-Tier
C06704,135,30,1689.02,1,At-Risk
C06705,13,12,2572.04,3,New/Occasional
C06706,65,19,634.2,3,New/Occasional
C06707,51,8,184.86,3,New/Occasional
C06708,8,8,155.9,3,New/Occasional
C06709,59,67,6304.98,0,Loyal Mid-Tier
C06710,47,67,15886.4,2,VIP
C06711,241,2,132.1,1,At-Risk
C06712,16,22,1557.14,3,New/Occasional
C06713,420,21,656.91,1,At-Risk
C06714,89,2,178.29,3,New/Occasional
C06715,154,11,2380.37,1,At-Risk
C06716,16,9,563.83,3,New/Occasional
C06717,26,30,3078.85,0,Loyal Mid-Tier
C06718,114,5,522.58,1,At-Risk
C06719,21,1,136.09,3,New/Occasional
C06720,3,10,679.17,3,New/Occasional
C06721,81,4,209.32,3,New/Occasional
C06722,19,8,919.74,3,New/Occasional
C06723,10,6,301.76,3,New/Occasional
C06724,3,21,1500.23,3,New/Occasional
C06725,86,15,341.69,3,New/Occasional
C06726,107,33,2129.11,0,Loyal Mid-Tier
C06727,218,24,1046.14,1,At-Risk
C06728,43,27,969.75,0,Loyal Mid-Tier
C06729,0,13,1128.4,3,New/Occasional
C06730,242,18,772.12,1,At-Risk
C06731,15,11,1333.34,3,New/Occasional
C06732,57,14,1129.27,3,New/Occasional
C06733,5,4,286.2,3,New/Occasional
C06734,58,3,262.56,3,New/Occasional
C06735,84,7,653.01,3,New/Occasional
C06736,24,7,243.62,3,New/Occasional
C06737,10,2,208.07,3,New/Occasional
C06738,17,15,1232.51,3,New/Occasional
C06739,5,27,887.81,0,Loyal Mid-Tier
C06740,135,4,622.59,1,At-Risk
C06741,70,25,6327.93,0,Loyal Mid-Tier
C06742,60,37,4103.24,0,Loyal Mid-Tier
C06743,44,6,119.58,3,New/Occasional
C06744,34,7,683.61,3,New/Occasional
C06745,62,7,514.84,3,New/Occasional
C06746,12,36,1112.73,0,Loyal Mid-Tier
C06747,36,15,811.09,3,New/Occasional
C06748,11,7,1130.63,3,New/Occasional
C06749,34,3,111.83,3,New/Occasional
C06750,174,22,2553.98,1,At-Risk
C06751,104,33,3362.93,0,Loyal Mid-Tier
C06752,36,40,7891.82,2,VIP
C06753,98,13,469.03,3,New/Occasional
C06754,191,1,79.85,1,At-Risk
C06755,135,14,263.51,1,At-Risk
C06756,16,15,991.26,3,New/Occasional
C06757,6,26,886.42,3,New/Occasional
C06758,295,36,2924.34,1,At-Risk
C06759,43,7,186.76,3,New/Occasional
C06760,47,7,528.01,3,New/Occasional
C06761,43,7,207.8,3,New/Occasional
C06762,3,10,830.91,3,New/Occasional
C06763,134,8,1655.41,1,At-Risk
C06764,46,43,3879.5,0,Loyal Mid-Tier
C06765,7,7,1471.39,3,New/Occasional
C06766,29,1,46.82,3,New/Occasional
C06767,42,52,6676.31,0,Loyal Mid-Tier
C06768,16,41,6209.19,0,Loyal Mid-Tier
C06769,9,6,163.35,3,New/Occasional
C06770,100,9,187.57,3,New/Occasional
C06771,275,7,405.31,1,At-Risk
C06772,194,9,1129.41,1,At-Risk
C06773,130,10,1457.0,1,At-Risk
C06774,44,20,643.43,3,New/Occasional
C06775,24,51,15596.89,2,VIP
C06776,21,68,3294.05,0,Loyal Mid-Tier
C06777,138,31,1324.06,1,At-Risk
C06778,227,10,285.59,1,At-Risk
C06779,46,3,298.72,3,New/Occasional
C06780,20,24,1605.42,3,New/Occasional
C06781,207,8,393.77,1,At-Risk
C06782,63,17,386.41,3,New/Occasional
C06783,90,14,1057.69,3,New/Occasional
C06784,37,20,1470.49,3,New/Occasional
C06785,11,15,4860.15,0,Loyal Mid-Tier
C06786,79,4,941.69,3,New/Occasional
C06787,10,7,511.29,3,New/Occasional
C06788,317,9,506.28,1,At-Risk
C06789,154,15,997.84,1,At-Risk
C06790,13,9,497.6,3,New/Occasional
C06791,103,29,948.18,0,Loyal Mid-Tier
C06792,95,6,857.38,3,New/Occasional
C06793,57,36,5159.41,0,Loyal Mid-Tier
C06794,36,4,1163.89,3,New/Occasional
C06795,63,35,903.57,0,Loyal Mid-Tier
C06796,65,26,1943.63,0,Loyal Mid-Tier
C06797,58,2,82.19,3,New/Occasional
C06798,72,13,670.93,3,New/Occasional
C06799,190,2,63.6,1,At-Risk
C06800,49,1,96.28,3,New/Occasional
C06801,52,2,393.16,3,New/Occasional
C06802,3,29,1600.3,0,Loyal Mid-Tier
C06803,9,14,569.08,3,New/Occasional
C06804,179,10,595.18,1,At-Risk
C06805,44,3,69.99,3,New/Occasional
C06806,137,5,166.11,1,At-Risk
C06807,8,20,463.23,3,New/Occasional
C06808,9,15,582.8,3,New/Occasional
C06809,90,8,850.33,3,New/Occasional
C06810,40,16,1423.79,3,New/Occasional
C06811,82,1,92.25,3,New/Occasional
C06812,132,47,5041.53,0,Loyal Mid-Tier
C06813,80,7,878.68,3,New/Occasional
C06814,0,4,1195.93,3,New/Occasional
C06815,10,1,62.96,3,New/Occasional
C06816,101,16,645.81,1,At-Risk
C06817,127,14,814.16,1,At-Risk
C06818,175,7,197.41,1,At-Risk
C06819,134,9,1412.68,1,At-Risk
C06820,119,4,419.6,1,At-Risk
C06821,4,40,2416.87,0,Loyal Mid-Tier
C06822,104,16,761.25,1,At-Risk
C06823,134,53,6455.74,0,Loyal Mid-Tier
C06824,33,7,534.86,3,New/Occasional
C06825,27,10,397.91,3,New/Occasional
C06826,3,21,2109.83,3,New/Occasional
C06827,102,14,558.99,1,At-Risk
C06828,16,4,119.05,3,New/Occasional
C06829,5,26,2280.61,0,Loyal Mid-Tier
C06830,7,27,2921.37,0,Loyal Mid-Tier
C06831,11,4,187.97,3,New/Occasional
C06832,80,23,5015.77,0,Loyal Mid-Tier
C06833,29,5,1911.87,3,New/Occasional
C06834,32,17,1411.13,3,New/Occasional
C06835,136,17,356.97,1,At-Risk
C06836,286,1,16.42,1,At-Risk
C06837,16,15,655.59,3,New/Occasional
C06838,54,3,213.9,3,New/Occasional
C06839,56,6,370.3,3,New/Occasional
C06840,42,6,366.71,3,New/Occasional
C06841,21,2,331.15,3,New/Occasional
C06842,13,10,161.6,3,New/Occasional
C06843,0,13,955.7,3,New/Occasional
C06844,21,1,163.17,3,New/Occasional
C06845,48,23,913.09,3,New/Occasional
C06846,37,20,3799.12,0,Loyal Mid-Tier
C06847,5,62,2966.5,0,Loyal Mid-Tier
C06848,24,1,21.39,3,New/Occasional
C06849,10,52,4301.34,0,Loyal Mid-Tier
C06850,49,35,1971.07,0,Loyal Mid-Tier
C06851,81,6,653.96,3,New/Occasional
C06852,14,5,226.95,3,New/Occasional
C06853,75,14,765.91,3,New/Occasional
C06854,66,37,7065.88,0,Loyal Mid-Tier
C06855,124,13,441.25,1,At-Risk
C06856,9,3,300.29,3,New/Occasional
C06857,131,7,64.24,1,At-Risk
C06858,42,48,4507.9,0,Loyal Mid-Tier
C06859,108,19,1961.32,1,At-Risk
C06860,107,7,932.33,1,At-Risk
C06861,144,45,2232.73,0,Loyal Mid-Tier
C06862,52,29,2908.26,0,Loyal Mid-Tier
C06863,23,5,2397.73,3,New/Occasional
C06864,30,24,576.86,3,New/Occasional
C06865,11,1,170.62,3,New/Occasional
C06866,75,22,1143.17,3,New/Occasional
C06867,108,30,1073.02,0,Loyal Mid-Tier
C06868,20,37,2029.47,0,Loyal Mid-Tier
C06869,36,5,806.58,3,New/Occasional
C06870,46,22,485.42,3,New/Occasional
C06871,80,4,239.88,3,New/Occasional
C06872,0,5,295.19,3,New/Occasional
C06873,80,47,3790.65,0,Loyal Mid-Tier
C06874,60,13,3173.48,3,New/Occasional
C06875,21,38,4708.52,0,Loyal Mid-Tier
C06876,8,16,3639.44,3,New/Occasional
C06877,38,41,6542.49,0,Loyal Mid-Tier
C06878,25,4,236.52,3,New/Occasional
C06879,63,32,6882.12,0,Loyal Mid-Tier
C06880,26,26,1098.42,0,Loyal Mid-Tier
C06881,82,7,524.0,3,New/Occasional
C06882,57,10,157.76,3,New/Occasional
C06883,88,16,1112.67,3,New/Occasional
C06884,12,33,850.79,0,Loyal Mid-Tier
C06885,114,3,296.98,1,At-Risk
C06886,85,6,875.13,3,New/Occasional
C06887,51,7,964.33,3,New/Occasional
C06888,45,44,1976.93,0,Loyal Mid-Tier
C06889,37,16,1981.0,3,New/Occasional
C06890,22,5,2612.69,3,New/Occasional
C06891,21,21,339.54,3,New/Occasional
C06892,30,34,807.27,0,Loyal Mid-Tier
C06893,130,5,300.44,1,At-Risk
C06894,104,4,1114.7,1,At-Risk
C06895,71,2,457.23,3,New/Occasional
C06896,38,7,1277.35,3,New/Occasional
C06897,94,14,1818.95,3,New/Occasional
C06898,26,24,6122.48,0,Loyal Mid-Tier
C06899,177,8,579.93,1,At-Risk
C06900,102,13,932.16,1,At-Risk
C06901,6,9,465.61,3,New/Occasional
C06902,97,13,1719.87,3,New/Occasional
C06903,1,3,125.86,3,New/Occasional
C06904,28,51,6363.14,0,Loyal Mid-Tier
C06905,6,18,988.17,3,New/Occasional
C06906,0,75,2347.46,0,Loyal Mid-Tier
C06907,58,9,129.23,3,New/Occasional
C06908,71,6,612.15,3,New/Occasional
C06909,162,10,431.57,1,At-Risk
C06910,33,3,584.52,3,New/Occasional
C06911,62,37,3441.11,0,Loyal Mid-Tier
C06912,59,13,1222.5,3,New/Occasional
C06913,32,18,752.36,3,New/Occasional
C06914,101,30,2414.56,0,Loyal Mid-Tier
C06915,218,6,614.33,1,At-Risk
C06916,58,18,1779.73,3,New/Occasional
C06917,85,42,4642.46,0,Loyal Mid-Tier
C06918,68,13,471.48,3,New/Occasional
C06919,14,12,557.58,3,New/Occasional
C06920,99,2,114.72,3,New/Occasional
C06921,13,3,724.9,3,New/Occasional
C06922,41,13,3629.37,3,New/Occasional
C06923,37,22,2510.72,0,Loyal Mid-Tier
C06924,112,44,979.19,0,Loyal Mid-Tier
C06925,64,15,1429.44,3,New/Occasional
C06926,120,18,2657.56,1,At-Risk
C06927,49,10,474.32,3,New/Occasional
C06928,36,12,2247.16,3,New/Occasional
C06929,51,7,283.97,3,New/Occasional
C06930,0,9,1109.86,3,New/Occasional
C06931,54,29,3732.05,0,Loyal Mid-Tier
C06932,266,18,1124.86,1,At-Risk
C06933,83,3,295.51,3,New/Occasional
C06934,51,6,3920.5,3,New/Occasional
C06935,73,2,291.4,3,New/Occasional
C06936,47,21,1743.89,3,New/Occasional
C06937,270,13,2107.64,1,At-Risk
C06938,2,43,4361.7,0,Loyal Mid-Tier
C06939,9,29,1971.88,0,Loyal Mid-Tier
C06940,21,41,1054.36,0,Loyal Mid-Tier
C06941,78,34,5176.01,0,Loyal Mid-Tier
C06942,61,18,1636.35,3,New/Occasional
C06943,32,5,1480.49,3,New/Occasional
C06944,198,27,2106.59,1,At-Risk
C06945,26,42,4855.58,0,Loyal Mid-Tier
C06946,149,1,252.33,1,At-Risk
C06947,94,7,694.39,3,New/Occasional
C06948,0,19,1439.62,3,New/Occasional
C06949,22,17,338.3,3,New/Occasional
C06950,68,4,159.79,3,New/Occasional
C06951,23,9,272.36,3,New/Occasional
C06952,5,36,9367.71,2,VIP
C06953,100,17,390.94,1,At-Risk
C06954,329,12,3525.31,1,At-Risk
C06955,112,6,158.36,1,At-Risk
C06956,151,1,22.97,1,At-Risk
C06957,43,29,2087.22,0,Loyal Mid-Tier
C06958,41,10,1453.07,3,New/Occasional
C06959,99,24,946.42,1,At-Risk
C06960,76,16,671.99,3,New/Occasional
C06961,7,3,44.27,3,New/Occasional
C06962,32,18,168.95,3,New/Occasional
C06963,10,23,992.17,3,New/Occasional
C06964,101,39,1236.8,0,Loyal Mid-Tier
C06965,1,20,750.2,3,New/Occasional
C06966,15,25,917.98,3,New/Occasional
C06967,139,18,892.35,1,At-Risk
C06968,7,1,94.5,3,New/Occasional
C06969,64,11,1690.69,3,New/Occasional
C06970,143,15,568.82,1,At-Risk
C06971,13,4,90.46,3,New/Occasional
C06972,86,22,2425.13,0,Loyal Mid-Tier
C06973,94,48,1889.11,0,Loyal Mid-Tier
C06974,14,16,2160.63,3,New/Occasional
C06975,25,17,1495.98,3,New/Occasional
C06976,81,1,34.89,3,New/Occasional
C06977,105,26,793.9,1,At-Risk
C06978,12,17,692.21,3,New/Occasional
C06979,121,37,13911.3,2,VIP
C06980,86,8,717.15,3,New/Occasional
C06981,5,5,371.61,3,New/Occasional
C06982,43,15,1881.59,3,New/Occasional
C06983,1,9,1139.44,3,New/Occasional
C06984,358,31,2340.6,1,At-Risk
C06985,90,15,1117.12,3,New/Occasional
C06986,4,7,796.38,3,New/Occasional
C06987,82,2,142.27,3,New/Occasional
C06988,63,4,240.41,3,New/Occasional
C06989,35,21,2680.88,0,Loyal Mid-Tier
C06990,13,1,59.84,3,New/Occasional
C06991,28,5,343.84,3,New/Occasional
C06992,55,13,1880.83,3,New/Occasional
C06993,110,8,519.39,1,At-Risk
C06994,143,19,298.26,1,At-Risk
C06995,58,34,1801.5,0,Loyal Mid-Tier
C06996,162,7,445.7,1,At-Risk
C06997,9,13,99.79,3,New/Occasional
C06998,50,28,4674.5,0,Loyal Mid-Tier
C06999,187,30,3381.42,1,At-Risk
C07000,44,10,978.04,3,New/Occasional
C07001,69,8,630.28,3,New/Occasional
C07002,148,5,87.23,1,At-Risk
C07003,34,16,1489.3,3,New/Occasional
C07004,11,20,422.51,3,New/Occasional
C07005,8,6,390.4,3,New/Occasional
C07006,41,18,1871.19,3,New/Occasional
C07007,14,6,256.31,3,New/Occasional
C07008,1,25,638.06,3,New/Occasional
C07009,7,2,193.05,3,New/Occasional
C07010,231,20,1464.35,1,At-Risk
C07011,55,12,135.33,3,New/Occasional
C07012,5,9,240.91,3,New/Occasional
C07013,136,11,2464.16,1,At-Risk
C07014,13,17,1029.33,3,New/Occasional
C07015,25,16,1459.99,3,New/Occasional
C07016,28,72,6269.44,0,Loyal Mid-Tier
C07017,48,4,405.46,3,New/Occasional
C07018,178,30,2091.69,1,At-Risk
C07019,6,5,252.13,3,New/Occasional
C07020,128,1,188.26,1,At-Risk
C07021,26,1,4.89,3,New/Occasional
C07022,7,12,1148.06,3,New/Occasional
C07023,43,15,1809.32,3,New/Occasional
C07024,12,69,3088.79,0,Loyal Mid-Tier
C07025,85,13,214.97,3,New/Occasional
C07026,105,5,363.14,1,At-Risk
C07027,164,1,60.64,1,At-Risk
C07028,73,7,2011.53,3,New/Occasional
C07029,52,41,1568.4,0,Loyal Mid-Tier
C07030,78,35,4989.33,0,Loyal Mid-Tier
C07031,87,2,68.49,3,New/Occasional
C07032,26,5,78.5,3,New/Occasional
C07033,106,39,3618.0,0,Loyal Mid-Tier
C07034,34,52,6939.13,0,Loyal Mid-Tier
C07035,348,1,161.08,1,At-Risk
C07036,4,10,637.71,3,New/Occasional
C07037,60,17,1790.83,3,New/Occasional
C07038,79,46,2754.72,0,Loyal Mid-Tier
C07039,9,20,864.87,3,New/Occasional
C07040,20,2,471.69,3,New/Occasional
C07041,3,10,979.24,3,New/Occasional
C07042,36,35,544.7,0,Loyal Mid-Tier
C07043,90,13,2810.55,3,New/Occasional
C07044,26,17,1191.05,3,New/Occasional
C07045,50,3,221.08,3,New/Occasional
C07046,244,14,694.51,1,At-Risk
C07047,22,11,1104.84,3,New/Occasional
C07048,125,3,360.03,1,At-Risk
C07049,8,2,239.56,3,New/Occasional
C07050,18,25,700.29,3,New/Occasional
C07051,71,40,9339.24,2,VIP
C07052,123,8,934.6,1,At-Risk
C07053,88,21,3852.0,0,Loyal Mid-Tier
C07054,205,41,945.99,1,At-Risk
C07055,1,17,771.17,3,New/Occasional
C07056,20,14,1516.27,3,New/Occasional
C07057,20,61,2684.12,0,Loyal Mid-Tier
C07058,31,33,4877.01,0,Loyal Mid-Tier
C07059,29,9,963.18,3,New/Occasional
C07060,102,3,569.26,3,New/Occasional
C07061,36,10,1232.72,3,New/Occasional
C07062,70,3,191.29,3,New/Occasional
C07063,40,25,9023.59,2,VIP
C07064,100,53,2106.32,0,Loyal Mid-Tier
C07065,31,2,203.85,3,New/Occasional
C07066,20,13,1659.14,3,New/Occasional
C07067,170,16,636.64,1,At-Risk
C07068,178,37,798.09,1,At-Risk
C07069,13,16,2037.71,3,New/Occasional
C07070,1,22,2434.53,0,Loyal Mid-Tier
C07071,10,4,575.85,3,New/Occasional
C07072,69,8,245.42,3,New/Occasional
C07073,74,1,159.96,3,New/Occasional
C07074,2,76,6298.86,0,Loyal Mid-Tier
C07075,19,40,1181.25,0,Loyal Mid-Tier
C07076,3,10,857.46,3,New/Occasional
C07077,35,1,22.12,3,New/Occasional
C07078,49,24,965.14,3,New/Occasional
C07079,107,24,1630.61,1,At-Risk
C07080,2,33,7910.15,2,VIP
C07081,74,3,68.81,3,New/Occasional
C07082,29,24,1846.92,0,Loyal Mid-Tier
C07083,5,3,117.39,3,New/Occasional
C07084,9,14,320.86,3,New/Occasional
C07085,48,7,301.85,3,New/Occasional
C07086,122,5,222.98,1,At-Risk
C07087,38,11,463.22,3,New/Occasional
C07088,27,1,252.18,3,New/Occasional
C07089,32,20,708.95,3,New/Occasional
C07090,209,5,185.4,1,At-Risk
C07091,30,37,8828.29,2,VIP
C07092,131,4,40.14,1,At-Risk
C07093,92,10,553.72,3,New/Occasional
C07094,25,1,220.69,3,New/Occasional
C07095,19,45,2393.62,0,Loyal Mid-Tier
C07096,45,49,7434.81,2,VIP
C07097,31,8,999.5,3,New/Occasional
C07098,45,3,172.73,3,New/Occasional
C07099,177,9,464.87,1,At-Risk
C07100,40,24,1016.12,3,New/Occasional
C07101,15,2,434.91,3,New/Occasional
C07102,57,7,210.52,3,New/Occasional
C07103,59,15,440.37,3,New/Occasional
C07104,99,22,3274.19,0,Loyal Mid-Tier
C07105,18,32,1901.44,0,Loyal Mid-Tier
C07106,20,5,360.61,3,New/Occasional
C07107,5,24,1241.63,3,New/Occasional
C07108,154,15,1351.52,1,At-Risk
C07109,29,3,135.85,3,New/Occasional
C07110,13,22,440.25,3,New/Occasional
C07111,13,1,214.45,3,New/Occasional
C07112,7,14,402.45,3,New/Occasional
C07113,34,10,978.94,3,New/Occasional
C07114,35,18,4535.22,0,Loyal Mid-Tier
C07115,102,39,2959.62,0,Loyal Mid-Tier
C07116,30,2,52.17,3,New/Occasional
C07117,24,41,5327.83,0,Loyal Mid-Tier
C07118,21,4,146.52,3,New/Occasional
C07119,73,23,1365.08,3,New/Occasional
C07120,114,4,118.23,1,At-Risk
C07121,141,17,2579.36,1,At-Risk
C07122,56,17,1146.9,3,New/Occasional
C07123,151,57,4714.77,0,Loyal Mid-Tier
C07124,75,1,331.49,3,New/Occasional
C07125,109,33,2058.67,0,Loyal Mid-Tier
C07126,74,4,324.82,3,New/Occasional
C07127,36,4,50.09,3,New/Occasional
C07128,178,12,239.98,1,At-Risk
C07129,17,8,1399.54,3,New/Occasional
C07130,142,23,1588.6,1,At-Risk
C07131,4,32,6185.62,0,Loyal Mid-Tier
C07132,56,49,1044.89,0,Loyal Mid-Tier
C07133,27,7,143.9,3,New/Occasional
C07134,52,28,800.78,0,Loyal Mid-Tier
C07135,129,10,890.14,1,At-Risk
C07136,39,35,1441.79,0,Loyal Mid-Tier
C07137,168,4,725.18,1,At-Risk
C07138,18,32,1728.33,0,Loyal Mid-Tier
C07139,29,20,1129.4,3,New/Occasional
C07140,29,2,581.33,3,New/Occasional
C07141,15,13,1013.18,3,New/Occasional
C07142,29,27,6765.95,0,Loyal Mid-Tier
C07143,6,45,9627.23,2,VIP
C07144,14,25,770.88,3,New/Occasional
C07145,4,10,775.08,3,New/Occasional
C07146,24,56,986.09,0,Loyal Mid-Tier
C07147,19,9,528.62,3,New/Occasional
C07148,21,8,1242.15,3,New/Occasional
C07149,245,9,617.69,1,At-Risk
C07150,60,67,2264.61,0,Loyal Mid-Tier
C07151,64,10,555.96,3,New/Occasional
C07152,1,1,15.51,3,New/Occasional
C07153,24,14,4072.2,3,New/Occasional
C07154,60,21,3678.31,0,Loyal Mid-Tier
C07155,14,16,1758.07,3,New/Occasional
C07156,56,18,986.78,3,New/Occasional
C07157,356,26,3101.07,1,At-Risk
C07158,1,23,498.6,3,New/Occasional
C07159,49,68,6750.62,2,VIP
C07160,31,76,4156.22,0,Loyal Mid-Tier
C07161,136,6,353.03,1,At-Risk
C07162,24,2,58.21,3,New/Occasional
C07163,141,20,555.62,1,At-Risk
C07164,31,6,194.81,3,New/Occasional
C07165,5,1,139.58,3,New/Occasional
C07166,2,11,577.5,3,New/Occasional
C07167,50,2,169.9,3,New/Occasional
C07168,34,5,304.59,3,New/Occasional
C07169,13,9,424.17,3,New/Occasional
C07170,48,3,166.36,3,New/Occasional
C07171,173,24,1789.32,1,At-Risk
C07172,9,3,166.58,3,New/Occasional
C07173,168,5,369.58,1,At-Risk
C07174,121,16,4569.76,1,At-Risk
C07175,58,13,828.35,3,New/Occasional
C07176,0,20,2537.63,3,New/Occasional
C07177,4,22,797.35,3,New/Occasional
C07178,42,57,7695.95,2,VIP
C07179,57,7,236.84,3,New/Occasional
C07180,15,4,68.07,3,New/Occasional
C07181,18,5,103.2,3,New/Occasional
C07182,5,11,503.78,3,New/Occasional
C07183,109,71,5924.19,0,Loyal Mid-Tier
C07184,63,5,99.97,3,New/Occasional
C07185,14,42,1603.35,0,Loyal Mid-Tier
C07186,32,6,410.67,3,New/Occasional
C07187,35,18,585.0,3,New/Occasional
C07188,78,31,5671.46,0,Loyal Mid-Tier
C07189,32,17,1338.31,3,New/Occasional
C07190,74,3,106.03,3,New/Occasional
C07191,17,12,2489.59,3,New/Occasional
C07192,73,17,1096.86,3,New/Occasional
C07193,20,12,2615.73,3,New/Occasional
C07194,15,3,132.09,3,New/Occasional
C07195,52,22,3363.53,0,Loyal Mid-Tier
C07196,22,4,147.28,3,New/Occasional
C07197,57,4,211.39,3,New/Occasional
C07198,48,1,46.65,3,New/Occasional
C07199,104,26,1793.56,0,Loyal Mid-Tier
C07200,10,13,785.03,3,New/Occasional
C07201,21,2,154.52,3,New/Occasional
C07202,16,2,110.42,3,New/Occasional
C07203,31,11,641.68,3,New/Occasional
C07204,5,1,35.15,3,New/Occasional
C07205,48,43,954.59,0,Loyal Mid-Tier
C07206,55,41,7395.68,2,VIP
C07207,26,6,759.95,3,New/Occasional
C07208,95,12,293.52,3,New/Occasional
C07209,72,2,49.46,3,New/Occasional
C07210,36,9,1054.85,3,New/Occasional
C07211,104,8,211.67,1,At-Risk
C07212,0,32,1925.6,0,Loyal Mid-Tier
C07213,19,5,363.84,3,New/Occasional
C07214,50,13,2250.49,3,New/Occasional
C07215,5,17,3050.23,3,New/Occasional
C07216,47,14,460.96,3,New/Occasional
C07217,34,1,42.44,3,New/Occasional
C07218,64,55,4239.47,0,Loyal Mid-Tier
C07219,0,26,935.34,3,New/Occasional
C07220,7,6,954.08,3,New/Occasional
C07221,163,11,879.96,1,At-Risk
C07222,92,23,1204.22,3,New/Occasional
C07223,63,12,272.31,3,New/Occasional
C07224,113,4,167.56,1,At-Risk
C07225,11,13,289.59,3,New/Occasional
C07226,230,16,1447.15,1,At-Risk
C07227,8,20,388.84,3,New/Occasional
C07228,128,7,427.82,1,At-Risk
C07229,49,4,964.8,3,New/Occasional
C07230,10,1,185.91,3,New/Occasional
C07231,6,11,1230.52,3,New/Occasional
C07232,46,15,3306.78,3,New/Occasional
C07233,166,9,418.97,1,At-Risk
C07234,35,30,3479.74,0,Loyal Mid-Tier
C07235,147,23,1994.95,1,At-Risk
C07236,105,5,484.05,1,At-Risk
C07237,125,21,1704.21,1,At-Risk
C07238,146,14,2061.34,1,At-Risk
C07239,95,13,2542.82,3,New/Occasional
C07240,75,21,881.39,3,New/Occasional
C07241,158,8,3800.69,1,At-Risk
C07242,39,40,1498.26,0,Loyal Mid-Tier
C07243,177,24,2750.23,1,At-Risk
C07244,96,15,883.39,3,New/Occasional
C07245,7,28,2238.0,0,Loyal Mid-Tier
C07246,78,21,3686.58,0,Loyal Mid-Tier
C07247,6,25,487.32,3,New/Occasional
C07248,1,13,854.75,3,New/Occasional
C07249,9,11,439.72,3,New/Occasional
C07250,62,9,541.22,3,New/Occasional
C07251,55,15,628.48,3,New/Occasional
C07252,85,6,117.37,3,New/Occasional
C07253,64,35,1033.98,0,Loyal Mid-Tier
C07254,18,5,337.25,3,New/Occasional
C07255,6,13,423.53,3,New/Occasional
C07256,268,15,255.55,1,At-Risk
C07257,228,10,2413.18,1,At-Risk
C07258,32,15,1331.75,3,New/Occasional
C07259,152,28,734.91,1,At-Risk
C07260,51,3,394.97,3,New/Occasional
C07261,11,27,384.72,3,New/Occasional
C07262,164,1,75.24,1,At-Risk
C07263,160,16,282.39,1,At-Risk
C07264,13,3,450.83,3,New/Occasional
C07265,36,9,1118.73,3,New/Occasional
C07266,24,3,547.36,3,New/Occasional
C07267,2,16,771.01,3,New/Occasional
C07268,231,14,498.6,1,At-Risk
C07269,3,3,245.13,3,New/Occasional
C07270,2,37,8976.68,2,VIP
C07271,187,4,768.06,1,At-Risk
C07272,14,10,320.39,3,New/Occasional
C07273,40,4,104.63,3,New/Occasional
C07274,11,74,4490.09,0,Loyal Mid-Tier
C07275,69,50,3584.45,0,Loyal Mid-Tier
C07276,6,28,3093.58,0,Loyal Mid-Tier
C07277,2,6,392.47,3,New/Occasional
C07278,70,1,79.36,3,New/Occasional
C07279,34,14,354.42,3,New/Occasional
C07280,69,15,1487.09,3,New/Occasional
C07281,71,20,720.72,3,New/Occasional
C07282,122,14,943.27,1,At-Risk
C07283,140,13,2311.71,1,At-Risk
C07284,34,48,1162.07,0,Loyal Mid-Tier
C07285,177,26,6457.18,1,At-Risk
C07286,9,4,539.86,3,New/Occasional
C07287,28,11,534.17,3,New/Occasional
C07288,49,22,2252.28,0,Loyal Mid-Tier
C07289,41,12,1113.91,3,New/Occasional
C07290,3,10,511.89,3,New/Occasional
C07291,44,8,331.92,3,New/Occasional
C07292,232,25,4034.1,1,At-Risk
C07293,51,1,31.22,3,New/Occasional
C07294,2,17,906.39,3,New/Occasional
C07295,9,9,992.51,3,New/Occasional
C07296,98,2,109.78,3,New/Occasional
C07297,37,17,1132.91,3,New/Occasional
C07298,38,30,12219.51,2,VIP
C07299,26,28,1265.37,0,Loyal Mid-Tier
C07300,166,31,4875.17,1,At-Risk
C07301,27,3,233.31,3,New/Occasional
C07302,7,18,685.97,3,New/Occasional
C07303,105,1,106.64,3,New/Occasional
C07304,62,4,245.49,3,New/Occasional
C07305,0,9,1400.77,3,New/Occasional
C07306,28,68,2773.24,0,Loyal Mid-Tier
C07307,163,21,892.48,1,At-Risk
C07308,2,3,629.55,3,New/Occasional
C07309,63,5,319.43,3,New/Occasional
C07310,12,3,79.52,3,New/Occasional
C07311,95,10,886.42,3,New/Occasional
C07312,60,37,3511.83,0,Loyal Mid-Tier
C07313,67,6,1092.94,3,New/Occasional
C07314,101,22,2969.06,0,Loyal Mid-Tier
C07315,69,5,1761.72,3,New/Occasional
C07316,24,47,1564.61,0,Loyal Mid-Tier
C07317,41,13,1521.72,3,New/Occasional
C07318,34,13,2362.91,3,New/Occasional
C07319,26,9,364.81,3,New/Occasional
C07320,7,1,74.97,3,New/Occasional
C07321,15,2,29.75,3,New/Occasional
C07322,16,17,2271.51,3,New/Occasional
C07323,36,16,769.43,3,New/Occasional
C07324,96,9,648.39,3,New/Occasional
C07325,87,21,2855.46,0,Loyal Mid-Tier
C07326,29,11,835.82,3,New/Occasional
C07327,15,9,536.74,3,New/Occasional
C07328,108,10,1088.6,1,At-Risk
C07329,64,5,220.82,3,New/Occasional
C07330,50,6,517.83,3,New/Occasional
C07331,6,38,2418.16,0,Loyal Mid-Tier
C07332,2,3,144.87,3,New/Occasional
C07333,77,1,64.83,3,New/Occasional
C07334,16,16,620.13,3,New/Occasional
C07335,6,48,3119.26,0,Loyal Mid-Tier
C07336,50,3,286.19,3,New/Occasional
C07337,6,32,1415.53,0,Loyal Mid-Tier
C07338,117,34,2086.63,0,Loyal Mid-Tier
C07339,36,6,282.17,3,New/Occasional
C07340,135,1,87.15,1,At-Risk
C07341,3,8,379.08,3,New/Occasional
C07342,0,5,555.5,3,New/Occasional
C07343,19,68,7137.32,2,VIP
C07344,40,17,312.51,3,New/Occasional
C07345,49,14,2231.95,3,New/Occasional
C07346,100,57,9171.84,2,VIP
C07347,50,32,1911.74,0,Loyal Mid-Tier
C07348,76,38,2323.06,0,Loyal Mid-Tier
C07349,33,6,785.84,3,New/Occasional
C07350,69,2,80.29,3,New/Occasional
C07351,9,8,667.93,3,New/Occasional
C07352,35,16,1633.4,3,New/Occasional
C07353,5,16,537.44,3,New/Occasional
C07354,55,22,1824.67,3,New/Occasional
C07355,55,26,1062.98,0,Loyal Mid-Tier
C07356,69,30,8714.03,2,VIP
C07357,27,21,1506.44,3,New/Occasional
C07358,7,7,165.45,3,New/Occasional
C07359,39,17,802.98,3,New/Occasional
C07360,164,8,241.38,1,At-Risk
C07361,4,13,341.4,3,New/Occasional
C07362,17,9,456.05,3,New/Occasional
C07363,12,14,4510.37,0,Loyal Mid-Tier
C07364,43,42,2200.18,0,Loyal Mid-Tier
C07365,49,49,5324.73,0,Loyal Mid-Tier
C07366,96,24,5317.85,0,Loyal Mid-Tier
C07367,133,33,2292.13,0,Loyal Mid-Tier
C07368,23,3,81.62,3,New/Occasional
C07369,120,23,5569.22,0,Loyal Mid-Tier
C07370,53,2,94.48,3,New/Occasional
C07371,2,27,6023.74,0,Loyal Mid-Tier
C07372,2,3,228.89,3,New/Occasional
C07373,74,15,1149.75,3,New/Occasional
C07374,83,21,1075.28,3,New/Occasional
C07375,19,7,1115.44,3,New/Occasional
C07376,19,2,215.6,3,New/Occasional
C07377,62,22,7166.01,0,Loyal Mid-Tier
C07378,24,15,1652.77,3,New/Occasional
C07379,20,25,1547.28,0,Loyal Mid-Tier
C07380,114,7,834.49,1,At-Risk
C07381,23,2,170.74,3,New/Occasional
C07382,21,5,417.38,3,New/Occasional
C07383,82,9,735.52,3,New/Occasional
C07384,219,9,205.94,1,At-Risk
C07385,23,13,1622.66,3,New/Occasional
C07386,75,33,2141.52,0,Loyal Mid-Tier
C07387,76,22,1943.22,0,Loyal Mid-Tier
C07388,139,17,611.12,1,At-Risk
C07389,52,6,198.36,3,New/Occasional
C07390,90,18,835.57,3,New/Occasional
C07391,22,5,467.62,3,New/Occasional
C07392,66,21,398.19,3,New/Occasional
C07393,32,21,8392.45,2,VIP
C07394,30,12,894.95,3,New/Occasional
C07395,3,5,522.01,3,New/Occasional
C07396,25,29,2911.75,0,Loyal Mid-Tier
C07397,165,1,38.48,1,At-Risk
C07398,88,4,397.68,3,New/Occasional
C07399,90,58,2906.9,0,Loyal Mid-Tier
C07400,67,44,3026.29,0,Loyal Mid-Tier
C07401,2,44,7148.71,0,Loyal Mid-Tier
C07402,73,1,150.03,3,New/Occasional
C07403,126,20,997.82,1,At-Risk
C07404,31,45,1591.68,0,Loyal Mid-Tier
C07405,77,3,434.38,3,New/Occasional
C07406,86,27,1236.43,0,Loyal Mid-Tier
C07407,20,4,243.65,3,New/Occasional
C07408,14,1,158.4,3,New/Occasional
C07409,92,15,1127.09,3,New/Occasional
C07410,13,11,1470.34,3,New/Occasional
C07411,17,13,607.87,3,New/Occasional
C07412,97,7,1648.24,3,New/Occasional
C07413,7,13,654.67,3,New/Occasional
C07414,98,22,1646.23,1,At-Risk
C07415,9,15,2268.46,3,New/Occasional
C07416,6,11,1070.98,3,New/Occasional
C07417,26,5,165.77,3,New/Occasional
C07418,118,15,907.29,1,At-Risk
C07419,65,4,146.83,3,New/Occasional
C07420,20,57,3362.52,0,Loyal Mid-Tier
C07421,5,34,2298.24,0,Loyal Mid-Tier
C07422,2,10,2336.86,3,New/Occasional
C07423,7,7,157.46,3,New/Occasional
C07424,0,6,434.04,3,New/Occasional
C07425,123,10,200.98,1,At-Risk
C07426,7,61,9020.6,2,VIP
C07427,50,22,1766.87,3,New/Occasional
C07428,11,46,7494.96,2,VIP
C07429,35,6,473.45,3,New/Occasional
C07430,55,38,8310.28,2,VIP
C07431,31,16,655.88,3,New/Occasional
C07432,7,15,983.73,3,New/Occasional
C07433,222,2,116.95,1,At-Risk
C07434,75,16,496.4,3,New/Occasional
C07435,98,9,378.06,3,New/Occasional
C07436,31,16,2131.94,3,New/Occasional
C07437,14,1,94.02,3,New/Occasional
C07438,6,3,926.32,3,New/Occasional
C07439,129,2,169.4,1,At-Risk
C07440,12,28,3088.03,0,Loyal Mid-Tier
C07441,9,31,4974.07,0,Loyal Mid-Tier
C07442,139,10,440.72,1,At-Risk
C07443,202,5,139.35,1,At-Risk
C07444,35,62,14363.26,2,VIP
C07445,18,41,3089.53,0,Loyal Mid-Tier
C07446,1,8,187.21,3,New/Occasional
C07447,78,44,576.63,0,Loyal Mid-Tier
C07448,7,5,2219.71,3,New/Occasional
C07449,16,1,290.92,3,New/Occasional
C07450,30,23,1239.73,3,New/Occasional
C07451,16,28,1353.22,0,Loyal Mid-Tier
C07452,17,3,85.55,3,New/Occasional
C07453,7,11,1412.21,3,New/Occasional
C07454,123,38,3887.53,0,Loyal Mid-Tier
C07455,8,4,350.8,3,New/Occasional
C07456,32,1,79.41,3,New/Occasional
C07457,24,21,859.81,3,New/Occasional
C07458,43,18,1226.89,3,New/Occasional
C07459,60,5,1702.37,3,New/Occasional
C07460,97,4,108.52,3,New/Occasional
C07461,19,16,833.78,3,New/Occasional
C07462,107,1,37.65,1,At-Risk
C07463,21,32,17911.11,2,VIP
C07464,20,9,1116.66,3,New/Occasional
C07465,109,3,293.69,1,At-Risk
C07466,70,1,36.74,3,New/Occasional
C07467,1,1,224.86,3,New/Occasional
C07468,61,10,416.48,3,New/Occasional
C07469,85,35,1455.21,0,Loyal Mid-Tier
C07470,54,5,291.24,3,New/Occasional
C07471,17,3,215.09,3,New/Occasional
C07472,78,25,1510.43,0,Loyal Mid-Tier
C07473,22,21,1128.72,3,New/Occasional
C07474,75,8,206.31,3,New/Occasional
C07475,11,10,526.69,3,New/Occasional
C07476,155,9,1252.52,1,At-Risk
C07477,38,7,356.36,3,New/Occasional
C07478,13,19,1077.61,3,New/Occasional
C07479,11,59,2480.9,0,Loyal Mid-Tier
C07480,76,2,146.55,3,New/Occasional
C07481,22,45,1434.08,0,Loyal Mid-Tier
C07482,3,15,3388.91,3,New/Occasional
C07483,18,44,1420.59,0,Loyal Mid-Tier
C07484,103,20,440.7,1,At-Risk
C07485,32,8,241.63,3,New/Occasional
C07486,35,27,1142.1,0,Loyal Mid-Tier
C07487,57,24,3129.43,0,Loyal Mid-Tier
C07488,5,4,655.58,3,New/Occasional
C07489,52,25,436.99,3,New/Occasional
C07490,22,3,694.86,3,New/Occasional
C07491,11,2,320.3,3,New/Occasional
C07492,90,15,440.79,3,New/Occasional
C07493,88,10,596.76,3,New/Occasional
C07494,106,5,413.14,1,At-Risk
C07495,40,21,1105.21,3,New/Occasional
C07496,38,4,386.36,3,New/Occasional
C07497,22,2,123.12,3,New/Occasional
C07498,61,22,272.53,3,New/Occasional
C07499,95,2,57.44,3,New/Occasional
C07500,0,8,421.64,3,New/Occasional
C07501,34,45,4927.42,0,Loyal Mid-Tier
C07502,15,28,400.53,3,New/Occasional
C07503,28,1,85.41,3,New/Occasional
C07504,190,2,220.31,1,At-Risk
C07505,88,2,654.56,3,New/Occasional
C07506,36,15,2151.08,3,New/Occasional
C07507,48,3,322.95,3,New/Occasional
C07508,59,56,2374.34,0,Loyal Mid-Tier
C07509,204,1,43.76,1,At-Risk
C07510,13,2,146.81,3,New/Occasional
C07511,74,11,1646.81,3,New/Occasional
C07512,106,10,603.93,1,At-Risk
C07513,63,1,35.75,3,New/Occasional
C07514,25,6,374.2,3,New/Occasional
C07515,23,18,311.56,3,New/Occasional
C07516,97,4,113.82,3,New/Occasional
C07517,66,19,689.28,3,New/Occasional
C07518,9,18,372.55,3,New/Occasional
C07519,39,43,2427.66,0,Loyal Mid-Tier
C07520,76,8,95.04,3,New/Occasional
C07521,49,23,6276.58,0,Loyal Mid-Tier
C07522,100,1,46.73,3,New/Occasional
C07523,27,1,75.78,3,New/Occasional
C07524,35,8,345.27,3,New/Occasional
C07525,8,3,196.63,3,New/Occasional
C07526,13,50,3517.5,0,Loyal Mid-Tier
C07527,18,11,975.75,3,New/Occasional
C07528,60,1,71.68,3,New/Occasional
C07529,27,45,3602.6,0,Loyal Mid-Tier
C07530,49,56,2974.34,0,Loyal Mid-Tier
C07531,17,7,562.37,3,New/Occasional
C07532,3,29,1250.86,0,Loyal Mid-Tier
C07533,9,35,8086.15,2,VIP
C07534,391,18,1768.44,1,At-Risk
C07535,28,1,46.73,3,New/Occasional
C07536,152,3,265.66,1,At-Risk
C07537,43,22,596.53,3,New/Occasional
C07538,15,20,996.05,3,New/Occasional
C07539,69,3,264.25,3,New/Occasional
C07540,3,2,46.13,3,New/Occasional
C07541,27,38,2638.94,0,Loyal Mid-Tier
C07542,148,7,576.94,1,At-Risk
C07543,34,26,531.67,3,New/Occasional
C07544,23,14,824.52,3,New/Occasional
C07545,64,7,463.36,3,New/Occasional
C07546,54,9,631.53,3,New/Occasional
C07547,177,3,314.63,1,At-Risk
C07548,23,11,1215.6,3,New/Occasional
C07549,261,57,5684.74,1,At-Risk
C07550,90,2,343.6,3,New/Occasional
C07551,9,19,1584.47,3,New/Occasional
C07552,94,21,810.62,3,New/Occasional
C07553,49,24,6648.26,0,Loyal Mid-Tier
C07554,13,7,639.2,3,New/Occasional
C07555,55,17,655.12,3,New/Occasional
C07556,66,24,2139.29,0,Loyal Mid-Tier
C07557,28,1,64.4,3,New/Occasional
C07558,10,9,771.45,3,New/Occasional
C07559,2,1,49.04,3,New/Occasional
C07560,36,7,255.76,3,New/Occasional
C07561,32,14,1061.36,3,New/Occasional
C07562,111,6,299.63,1,At-Risk
C07563,11,13,528.84,3,New/Occasional
C07564,187,2,134.04,1,At-Risk
C07565,74,3,318.0,3,New/Occasional
C07566,82,4,721.58,3,New/Occasional
C07567,147,16,2479.25,1,At-Risk
C07568,125,7,1198.41,1,At-Risk
C07569,30,57,4471.31,0,Loyal Mid-Tier
C07570,182,20,802.49,1,At-Risk
C07571,72,4,1272.5,3,New/Occasional
C07572,35,8,153.87,3,New/Occasional
C07573,48,4,243.23,3,New/Occasional
C07574,20,35,3456.14,0,Loyal Mid-Tier
C07575,17,28,1534.4,0,Loyal Mid-Tier
C07576,20,8,488.52,3,New/Occasional
C07577,40,4,215.9,3,New/Occasional
C07578,197,6,452.6,1,At-Risk
C07579,91,37,2864.34,0,Loyal Mid-Tier
C07580,56,1,159.36,3,New/Occasional
C07581,127,58,2242.02,0,Loyal Mid-Tier
C07582,62,11,308.27,3,New/Occasional
C07583,59,5,969.81,3,New/Occasional
C07584,1,18,1556.24,3,New/Occasional
C07585,37,32,2862.84,0,Loyal Mid-Tier
C07586,102,28,982.16,0,Loyal Mid-Tier
C07587,5,44,2343.81,0,Loyal Mid-Tier
C07588,133,30,1350.6,1,At-Risk
C07589,55,4,368.89,3,New/Occasional
C07590,7,48,1896.78,0,Loyal Mid-Tier
C07591,177,11,1592.49,1,At-Risk
C07592,72,3,132.75,3,New/Occasional
C07593,26,16,1938.83,3,New/Occasional
C07594,18,18,632.61,3,New/Occasional
C07595,44,8,1546.19,3,New/Occasional
C07596,81,2,93.23,3,New/Occasional
C07597,58,1,78.5,3,New/Occasional
C07598,23,48,3346.13,0,Loyal Mid-Tier
C07599,4,24,2214.85,0,Loyal Mid-Tier
C07600,226,11,2902.77,1,At-Risk
C07601,83,2,182.92,3,New/Occasional
C07602,7,14,755.68,3,New/Occasional
C07603,0,39,2427.63,0,Loyal Mid-Tier
C07604,36,7,548.69,3,New/Occasional
C07605,34,39,5925.94,0,Loyal Mid-Tier
C07606,69,43,4819.7,0,Loyal Mid-Tier
C07607,13,7,913.7,3,New/Occasional
C07608,66,6,291.18,3,New/Occasional
C07609,39,30,1189.62,0,Loyal Mid-Tier
C07610,23,13,917.56,3,New/Occasional
C07611,2,5,779.31,3,New/Occasional
C07612,40,5,297.93,3,New/Occasional
C07613,149,32,4710.42,0,Loyal Mid-Tier
C07614,25,24,6795.9,0,Loyal Mid-Tier
C07615,1,5,654.52,3,New/Occasional
C07616,20,6,255.48,3,New/Occasional
C07617,4,18,1140.09,3,New/Occasional
C07618,29,2,125.14,3,New/Occasional
C07619,192,8,1062.56,1,At-Risk
C07620,44,4,460.62,3,New/Occasional
C07621,50,26,5475.35,0,Loyal Mid-Tier
C07622,141,28,2078.69,1,At-Risk
C07623,353,11,664.87,1,At-Risk
C07624,88,47,2460.31,0,Loyal Mid-Tier
C07625,3,9,544.1,3,New/Occasional
C07626,93,27,1865.3,0,Loyal Mid-Tier
C07627,39,6,555.87,3,New/Occasional
C07628,45,2,34.08,3,New/Occasional
C07629,36,16,7491.14,0,Loyal Mid-Tier
C07630,69,11,1019.06,3,New/Occasional
C07631,12,1,20.12,3,New/Occasional
C07632,0,6,4672.3,3,New/Occasional
C07633,91,5,1359.4,3,New/Occasional
C07634,39,40,5015.66,0,Loyal Mid-Tier
C07635,11,20,2336.79,3,New/Occasional
C07636,85,21,1646.85,3,New/Occasional
C07637,61,8,311.17,3,New/Occasional
C07638,7,64,5459.71,0,Loyal Mid-Tier
C07639,5,19,1782.61,3,New/Occasional
C07640,49,14,1358.2,3,New/Occasional
C07641,29,8,746.13,3,New/Occasional
C07642,21,20,678.76,3,New/Occasional
C07643,108,19,1062.42,1,At-Risk
C07644,36,1,91.88,3,New/Occasional
C07645,68,15,1189.49,3,New/Occasional
C07646,14,53,6295.66,0,Loyal Mid-Tier
C07647,26,2,180.76,3,New/Occasional
C07648,104,31,6033.09,0,Loyal Mid-Tier
C07649,70,17,1937.58,3,New/Occasional
C07650,94,27,1412.13,0,Loyal Mid-Tier
C07651,3,3,46.87,3,New/Occasional
C07652,108,35,5737.28,0,Loyal Mid-Tier
C07653,143,35,1824.14,1,At-Risk
C07654,32,13,467.69,3,New/Occasional
C07655,14,19,815.67,3,New/Occasional
C07656,138,45,4474.57,0,Loyal Mid-Tier
C07657,88,15,526.9,3,New/Occasional
C07658,107,10,1136.9,1,At-Risk
C07659,162,37,1387.29,1,At-Risk
C07660,0,15,440.83,3,New/Occasional
C07661,163,6,381.96,1,At-Risk
C07662,109,26,822.51,1,At-Risk
C07663,16,11,2115.92,3,New/Occasional
C07664,116,1,64.56,1,At-Risk
C07665,73,3,409.16,3,New/Occasional
C07666,7,41,4306.71,0,Loyal Mid-Tier
C07667,68,2,367.18,3,New/Occasional
C07668,45,41,3183.01,0,Loyal Mid-Tier
C07669,23,25,11192.62,2,VIP
C07670,0,14,948.36,3,New/Occasional
C07671,14,10,425.35,3,New/Occasional
C07672,81,75,7038.74,2,VIP
C07673,106,1,19.17,3,New/Occasional
C07674,35,27,4669.6,0,Loyal Mid-Tier
C07675,8,3,235.07,3,New/Occasional
C07676,47,33,2590.92,0,Loyal Mid-Tier
C07677,17,41,1316.33,0,Loyal Mid-Tier
C07678,18,26,918.03,3,New/Occasional
C07679,71,35,4267.18,0,Loyal Mid-Tier
C07680,231,1,314.3,1,At-Risk
C07681,90,59,3478.43,0,Loyal Mid-Tier
C07682,116,2,179.76,1,At-Risk
C07683,64,14,1818.45,3,New/Occasional
C07684,24,1,118.39,3,New/Occasional
C07685,53,4,282.32,3,New/Occasional
C07686,95,15,621.47,3,New/Occasional
C07687,131,27,2558.7,1,At-Risk
C07688,71,2,121.71,3,New/Occasional
C07689,53,13,1903.82,3,New/Occasional
C07690,119,8,810.39,1,At-Risk
C07691,0,40,8743.68,2,VIP
C07692,3,36,3430.96,0,Loyal Mid-Tier
C07693,61,45,1425.54,0,Loyal Mid-Tier
C07694,104,12,2369.83,1,At-Risk
C07695,318,3,146.93,1,At-Risk
C07696,2,15,4251.76,0,Loyal Mid-Tier
C07697,3,33,2993.81,0,Loyal Mid-Tier
C07698,16,29,3674.0,0,Loyal Mid-Tier
C07699,21,21,1564.12,3,New/Occasional
C07700,11,18,866.31,3,New/Occasional
C07701,8,4,421.99,3,New/Occasional
C07702,86,8,471.58,3,New/Occasional
C07703,62,10,247.05,3,New/Occasional
C07704,258,11,1892.06,1,At-Risk
C07705,3,11,839.42,3,New/Occasional
C07706,2,1,52.46,3,New/Occasional
C07707,35,5,387.85,3,New/Occasional
C07708,168,15,143.66,1,At-Risk
C07709,7,1,92.75,3,New/Occasional
C07710,29,13,652.14,3,New/Occasional
C07711,88,8,1849.97,3,New/Occasional
C07712,37,35,18444.82,2,VIP
C07713,125,6,66.17,1,At-Risk
C07714,19,31,4736.21,0,Loyal Mid-Tier
C07715,3,33,4146.16,0,Loyal Mid-Tier
C07716,70,12,271.46,3,New/Occasional
C07717,88,5,307.15,3,New/Occasional
C07718,7,7,695.22,3,New/Occasional
C07719,58,4,194.77,3,New/Occasional
C07720,89,4,257.33,3,New/Occasional
C07721,103,9,1355.82,1,At-Risk
C07722,172,14,980.2,1,At-Risk
C07723,40,14,1372.45,3,New/Occasional
C07724,30,16,499.21,3,New/Occasional
C07725,9,1,115.46,3,New/Occasional
C07726,111,1,42.77,1,At-Risk
C07727,205,48,2233.0,1,At-Risk
C07728,206,78,5499.82,0,Loyal Mid-Tier
C07729,6,24,2044.71,0,Loyal Mid-Tier
C07730,34,6,699.26,3,New/Occasional
C07731,103,13,369.76,1,At-Risk
C07732,120,4,732.15,1,At-Risk
C07733,58,4,182.34,3,New/Occasional
C07734,103,10,2202.6,1,At-Risk
C07735,179,15,255.5,1,At-Risk
C07736,20,12,1043.48,3,New/Occasional
C07737,6,12,1727.99,3,New/Occasional
C07738,86,28,4383.96,0,Loyal Mid-Tier
C07739,101,7,88.21,3,New/Occasional
C07740,29,3,167.31,3,New/Occasional
C07741,21,45,5881.0,0,Loyal Mid-Tier
C07742,18,33,3631.02,0,Loyal Mid-Tier
C07743,4,37,4985.5,0,Loyal Mid-Tier
C07744,59,47,3006.53,0,Loyal Mid-Tier
C07745,44,9,490.71,3,New/Occasional
C07746,1,2,243.54,3,New/Occasional
C07747,124,8,619.91,1,At-Risk
C07748,17,50,1031.69,0,Loyal Mid-Tier
C07749,24,3,159.83,3,New/Occasional
C07750,56,8,2004.93,3,New/Occasional
C07751,97,8,723.51,3,New/Occasional
C07752,81,63,10883.85,2,VIP
C07753,213,26,1897.97,1,At-Risk
C07754,75,31,2972.25,0,Loyal Mid-Tier
C07755,41,10,966.38,3,New/Occasional
C07756,58,7,719.75,3,New/Occasional
C07757,52,14,1991.74,3,New/Occasional
C07758,143,23,3936.81,1,At-Risk
C07759,6,16,205.67,3,New/Occasional
C07760,102,14,942.53,1,At-Risk
C07761,24,1,146.02,3,New/Occasional
C07762,14,23,934.67,3,New/Occasional
C07763,34,48,6876.7,0,Loyal Mid-Tier
C07764,14,11,1075.7,3,New/Occasional
C07765,70,19,1187.18,3,New/Occasional
C07766,26,29,1360.47,0,Loyal Mid-Tier
C07767,43,25,1635.49,0,Loyal Mid-Tier
C07768,10,23,975.5,3,New/Occasional
C07769,106,10,3061.03,1,At-Risk
C07770,42,23,2255.45,0,Loyal Mid-Tier
C07771,32,1,85.05,3,New/Occasional
C07772,2,18,1059.64,3,New/Occasional
C07773,148,14,2110.98,1,At-Risk
C07774,35,3,398.06,3,New/Occasional
C07775,15,3,97.75,3,New/Occasional
C07776,23,44,2329.59,0,Loyal Mid-Tier
C07777,22,11,345.28,3,New/Occasional
C07778,189,35,1284.47,1,At-Risk
C07779,104,5,290.12,3,New/Occasional
C07780,52,4,87.65,3,New/Occasional
C07781,44,8,449.73,3,New/Occasional
C07782,25,23,700.01,3,New/Occasional
C07783,52,11,471.38,3,New/Occasional
C07784,30,24,1874.74,0,Loyal Mid-Tier
C07785,80,36,307.43,0,Loyal Mid-Tier
C07786,157,11,401.1,1,At-Risk
C07787,64,19,584.35,3,New/Occasional
C07788,16,18,3661.32,0,Loyal Mid-Tier
C07789,4,8,74.22,3,New/Occasional
C07790,27,2,59.34,3,New/Occasional
C07791,8,18,1263.39,3,New/Occasional
C07792,22,14,1450.23,3,New/Occasional
C07793,3,13,403.64,3,New/Occasional
C07794,11,22,1174.27,3,New/Occasional
C07795,69,8,342.24,3,New/Occasional
C07796,104,4,298.8,3,New/Occasional
C07797,72,21,2961.76,0,Loyal Mid-Tier
C07798,139,1,74.54,1,At-Risk
C07799,83,44,4985.74,0,Loyal Mid-Tier
C07800,7,13,995.47,3,New/Occasional
C07801,47,2,135.77,3,New/Occasional
C07802,0,12,548.31,3,New/Occasional
C07803,117,3,147.76,1,At-Risk
C07804,89,39,1852.67,0,Loyal Mid-Tier
C07805,66,2,632.72,3,New/Occasional
C07806,16,29,2001.13,0,Loyal Mid-Tier
C07807,15,9,1098.18,3,New/Occasional
C07808,31,56,3526.75,0,Loyal Mid-Tier
C07809,29,1,100.42,3,New/Occasional
C07810,41,8,463.01,3,New/Occasional
C07811,21,27,3607.38,0,Loyal Mid-Tier
C07812,38,14,1438.34,3,New/Occasional
C07813,27,12,3541.23,3,New/Occasional
C07814,184,6,298.01,1,At-Risk
C07815,59,15,5313.59,0,Loyal Mid-Tier
C07816,49,22,2150.5,0,Loyal Mid-Tier
C07817,105,2,289.43,3,New/Occasional
C07818,113,6,498.0,1,At-Risk
C07819,29,3,117.71,3,New/Occasional
C07820,0,20,874.08,3,New/Occasional
C07821,79,53,1294.09,0,Loyal Mid-Tier
C07822,149,28,2620.71,1,At-Risk
C07823,15,13,836.07,3,New/Occasional
C07824,27,7,321.22,3,New/Occasional
C07825,4,3,288.96,3,New/Occasional
C07826,145,17,1165.07,1,At-Risk
C07827,25,9,526.71,3,New/Occasional
C07828,70,6,1631.14,3,New/Occasional
C07829,5,3,200.58,3,New/Occasional
C07830,198,8,654.65,1,At-Risk
C07831,20,15,486.63,3,New/Occasional
C07832,284,10,849.44,1,At-Risk
C07833,12,5,2477.64,3,New/Occasional
C07834,61,19,1745.21,3,New/Occasional
C07835,170,14,740.72,1,At-Risk
C07836,32,1,89.66,3,New/Occasional
C07837,169,17,300.24,1,At-Risk
C07838,373,15,7188.17,1,At-Risk
C07839,263,19,649.12,1,At-Risk
C07840,6,7,157.9,3,New/Occasional
C07841,25,26,1016.6,3,New/Occasional
C07842,43,3,44.67,3,New/Occasional
C07843,44,53,2740.42,0,Loyal Mid-Tier
C07844,5,12,736.09,3,New/Occasional
C07845,96,7,557.53,3,New/Occasional
C07846,92,30,1153.56,0,Loyal Mid-Tier
C07847,2,35,1572.55,0,Loyal Mid-Tier
C07848,18,4,672.77,3,New/Occasional
C07849,165,66,7585.68,2,VIP
C07850,16,3,225.37,3,New/Occasional
C07851,14,25,3059.5,0,Loyal Mid-Tier
C07852,14,14,712.77,3,New/Occasional
C07853,1,18,2074.42,3,New/Occasional
C07854,3,42,2072.49,0,Loyal Mid-Tier
C07855,53,22,6729.32,0,Loyal Mid-Tier
C07856,64,9,1220.86,3,New/Occasional
C07857,39,49,5400.28,0,Loyal Mid-Tier
C07858,14,1,174.49,3,New/Occasional
C07859,36,19,2294.87,3,New/Occasional
C07860,13,25,4706.3,0,Loyal Mid-Tier
C07861,65,11,1694.17,3,New/Occasional
C07862,14,18,1796.15,3,New/Occasional
C07863,36,28,1109.14,0,Loyal Mid-Tier
C07864,74,18,590.11,3,New/Occasional
C07865,26,2,265.16,3,New/Occasional
C07866,29,13,284.34,3,New/Occasional
C07867,85,10,1138.63,3,New/Occasional
C07868,14,13,867.1,3,New/Occasional
C07869,25,12,462.04,3,New/Occasional
C07870,179,15,2858.76,1,At-Risk
C07871,84,3,264.34,3,New/Occasional
C07872,23,20,1964.23,3,New/Occasional
C07873,49,12,530.22,3,New/Occasional
C07874,9,27,2376.5,0,Loyal Mid-Tier
C07875,30,19,2879.1,3,New/Occasional
C07876,58,19,485.83,3,New/Occasional
C07877,80,11,313.72,3,New/Occasional
C07878,141,5,112.2,1,At-Risk
C07879,30,4,140.14,3,New/Occasional
C07880,20,1,65.73,3,New/Occasional
C07881,100,42,1609.81,0,Loyal Mid-Tier
C07882,15,21,5592.73,0,Loyal Mid-Tier
C07883,51,38,4909.99,0,Loyal Mid-Tier
C07884,0,10,1487.11,3,New/Occasional
C07885,3,19,1335.49,3,New/Occasional
C07886,4,54,1576.2,0,Loyal Mid-Tier
C07887,2,2,72.92,3,New/Occasional
C07888,106,3,351.03,1,At-Risk
C07889,40,2,96.57,3,New/Occasional
C07890,62,4,351.8,3,New/Occasional
C07891,24,8,913.78,3,New/Occasional
C07892,58,24,617.87,3,New/Occasional
C07893,7,62,7625.66,2,VIP
C07894,234,42,8501.36,2,VIP
C07895,1,3,139.4,3,New/Occasional
C07896,56,16,870.38,3,New/Occasional
C07897,29,3,302.03,3,New/Occasional
C07898,277,8,1043.91,1,At-Risk
C07899,47,7,666.65,3,New/Occasional
C07900,26,8,713.6,3,New/Occasional
C07901,3,11,725.51,3,New/Occasional
C07902,38,7,376.32,3,New/Occasional
C07903,53,3,338.56,3,New/Occasional
C07904,130,13,624.67,1,At-Risk
C07905,101,16,1136.34,1,At-Risk
C07906,337,52,9025.2,2,VIP
C07907,72,20,1730.09,3,New/Occasional
C07908,127,4,86.17,1,At-Risk
C07909,24,18,1968.13,3,New/Occasional
C07910,170,14,339.47,1,At-Risk
C07911,29,31,1573.47,0,Loyal Mid-Tier
C07912,8,25,851.06,3,New/Occasional
C07913,2,36,1167.78,0,Loyal Mid-Tier
C07914,74,14,2642.71,3,New/Occasional
C07915,17,9,1403.14,3,New/Occasional
C07916,103,37,5040.71,0,Loyal Mid-Tier
C07917,17,15,781.95,3,New/Occasional
C07918,71,20,3386.73,0,Loyal Mid-Tier
C07919,2,3,129.82,3,New/Occasional
C07920,69,23,1406.49,3,New/Occasional
C07921,2,7,235.3,3,New/Occasional
C07922,16,9,432.64,3,New/Occasional
C07923,46,22,1663.07,3,New/Occasional
C07924,6,8,169.24,3,New/Occasional
C07925,23,8,594.99,3,New/Occasional
C07926,74,37,7707.23,2,VIP
C07927,0,12,143.3,3,New/Occasional
C07928,88,3,198.89,3,New/Occasional
C07929,48,28,2440.08,0,Loyal Mid-Tier
C07930,2,5,258.8,3,New/Occasional
C07931,211,20,1621.59,1,At-Risk
C07932,7,38,1539.74,0,Loyal Mid-Tier
C07933,54,35,10763.96,2,VIP
C07934,29,71,4099.46,0,Loyal Mid-Tier
C07935,35,9,2236.34,3,New/Occasional
C07936,3,10,814.1,3,New/Occasional
C07937,36,10,276.86,3,New/Occasional
C07938,28,18,836.14,3,New/Occasional
C07939,74,51,3687.56,0,Loyal Mid-Tier
C07940,5,1,53.74,3,New/Occasional
C07941,4,3,419.49,3,New/Occasional
C07942,59,12,599.27,3,New/Occasional
C07943,97,5,863.94,3,New/Occasional
C07944,0,9,473.14,3,New/Occasional
C07945,36,7,324.06,3,New/Occasional
C07946,21,17,988.25,3,New/Occasional
C07947,104,7,805.34,1,At-Risk
C07948,16,70,5495.47,0,Loyal Mid-Tier
C07949,98,28,2616.81,0,Loyal Mid-Tier
C07950,132,11,441.84,1,At-Risk
C07951,0,21,1909.2,3,New/Occasional
C07952,10,4,232.42,3,New/Occasional
C07953,61,31,2505.79,0,Loyal Mid-Tier
C07954,119,2,99.02,1,At-Risk
C07955,35,1,99.98,3,New/Occasional
C07956,6,15,1559.95,3,New/Occasional
C07957,46,27,3945.71,0,Loyal Mid-Tier
C07958,8,17,547.38,3,New/Occasional
C07959,1,8,614.49,3,New/Occasional
C07960,58,12,644.56,3,New/Occasional
C07961,6,14,966.89,3,New/Occasional
C07962,90,1,6.2,3,New/Occasional
C07963,34,1,8.89,3,New/Occasional
C07964,2,12,324.95,3,New/Occasional
C07965,37,27,2172.06,0,Loyal Mid-Tier
C07966,105,15,366.34,1,At-Risk
C07967,21,5,655.97,3,New/Occasional
C07968,16,28,2986.95,0,Loyal Mid-Tier
C07969,29,11,183.31,3,New/Occasional
C07970,44,17,815.45,3,New/Occasional
C07971,55,18,976.26,3,New/Occasional
C07972,14,46,5444.42,0,Loyal Mid-Tier
C07973,9,2,279.89,3,New/Occasional
C07974,61,4,720.05,3,New/Occasional
C07975,85,10,640.88,3,New/Occasional
C07976,120,13,1422.55,1,At-Risk
C07977,0,11,352.14,3,New/Occasional
C07978,136,2,169.05,1,At-Risk
C07979,109,53,8511.54,2,VIP
C07980,99,6,1243.42,3,New/Occasional
C07981,17,10,550.77,3,New/Occasional
C07982,30,7,388.59,3,New/Occasional
C07983,72,1,22.98,3,New/Occasional
C07984,37,22,556.65,3,New/Occasional
C07985,42,9,307.4,3,New/Occasional
C07986,60,13,1194.92,3,New/Occasional
C07987,9,9,894.63,3,New/Occasional
C07988,87,8,180.04,3,New/Occasional
C07989,0,22,2247.15,3,New/Occasional
C07990,219,4,271.05,1,At-Risk
C07991,25,48,1572.76,0,Loyal Mid-Tier
C07992,280,11,341.86,1,At-Risk
C07993,31,19,2449.17,3,New/Occasional
C07994,66,13,1470.3,3,New/Occasional
C07995,12,23,2376.0,0,Loyal Mid-Tier
C07996,40,13,1953.76,3,New/Occasional
C07997,53,31,6772.2,0,Loyal Mid-Tier
C07998,18,46,2430.09,0,Loyal Mid-Tier
C07999,50,35,5552.56,0,Loyal Mid-Tier
C08000,17,60,2393.83,0,Loyal Mid-Tier
